Angolo,Triangolo_isoscele,0
Angolo,Teorema_di_Pitagora,0
Sistema_di_riferimento_cartesiano,Retta,1
Poligono,Segmento,1
Angolo,Bidimensionalit%C3%A0,0
Punto_(geometria),Bidimensionalit%C3%A0,0
Pendenza_topografica,Geometria,1
Quadrilatero,Parallelismo_(geometria),0
Perpendicolarit%C3%A0,Cono,0
Segmento,Asse_di_un_segmento,0
Angolo,Collinearit%C3%A0,0
Punto_medio,Arco_(geometria),0
Spigolo,Triangolo_isoscele,0
Rettangolo,Triangolo_rettangolo,0
Vertice_(geometria),Teorema_di_Pitagora,0
Circonferenza,Sezione_(geometria_descrittiva),0
Teorema_di_Pitagora,Terna_pitagorica,0
Similitudine_(geometria),Sfera,0
Terna_pitagorica,Teorema_di_Pitagora,1
Circonferenza,Geometria,1
Punto_(geometria),Quadrilatero,0
Terna_pitagorica,Triangolo_rettangolo,1
Raggio_(geometria),Seno_(matematica),0
Segmento,Terna_pitagorica,0
Retta,Diametro,0
Quadrilatero,Collinearit%C3%A0,0
Bidimensionalit%C3%A0,Ennagono,0
Circonferenza,Vertice_(geometria),0
Bidimensionalit%C3%A0,Piano_(geometria),1
Dodecagono,Angolo,1
Vertice_(geometria),Ettagono,0
Corda_(geometria),Angolo,0
Simmetria,Parallelogramma,0
Sistema_di_coordinate,Geometria,1
Circonferenza,Asse_di_un_segmento,0
Poligono,Ottagono,0
Perpendicolarit%C3%A0,Sistema_di_coordinate,0
Punto_(geometria),Poligono_stellato,0
Retta,Piramide_(geometria),0
Spigolo,Triangolo_rettangolo,0
Asse_di_un_segmento,Triangolo,0
Parallelogramma,Angolo,1
Punto_(geometria),Esagono,0
Dodecagono,Poliedro,0
Aquilone_(geometria),Angolo,1
Parallelismo_(geometria),Perpendicolarit%C3%A0,0
Segmento,Vertice_(geometria),0
Segmento,Dodecagono,0
Rombo_(geometria),Perpendicolarit%C3%A0,0
Pentagono,Spigolo,1
Perpendicolarit%C3%A0,Angolo,1
Parallelismo_(geometria),Angolo,0
Perpendicolarit%C3%A0,Bidimensionalit%C3%A0,0
Rettangolo,Punto_(geometria),1
Diametro,Raggio_(geometria),1
Punto_medio,Piano_(geometria),0
Rombo_(geometria),Spigolo,1
Vertice_(geometria),Ennagono,0
Tangente_(geometria),Seno_(matematica),0
Triangolo_rettangolo,Poligono,1
Punto_(geometria),Secante_(geometria),0
Segmento,Pentagono,0
Quadrilatero,Disuguaglianza_triangolare,0
Retta,Piano_(geometria),0
Corda_(geometria),Teorema_di_Pitagora,0
Rombo_(geometria),Parallelogramma,1
Funzione_trigonometrica,Retta,1
Lunghezza_di_un_arco,Distanza_(matematica),1
Circonferenza,Diametro,0
Rombo_(geometria),Vertice_(geometria),1
Spigolo,Funzione_trigonometrica,0
Geometria,Poligono_stellato,0
Angolo_retto,Geometria,1
Seno_(matematica),Funzione_trigonometrica,1
Spigolo,Endecagono,0
Poligono,Triangolo_rettangolo,0
Circonferenza,Seno_(matematica),0
Retta,Aquilone_(geometria),0
Funzione_trigonometrica_inversa,Segmento,1
Triangolo_equilatero,Angolo,1
Punto_medio,Punto_(geometria),1
Corda_(geometria),Seno_(matematica),0
Ettagono,Raggio_(geometria),0
Collinearit%C3%A0,Cono,0
Trapezio,Geometria,1
Segmento,Collinearit%C3%A0,0
Circonferenza,Bidimensionalit%C3%A0,0
Poliedro,Geometria,1
Poliedro,Punto_(geometria),1
Angolo,Riflessione_(geometria),0
Sezione_(geometria_descrittiva),Geometria,1
Triangolo,Lunghezza_di_un_arco,0
Poligono,Quadrilatero,0
Traslazione_(geometria),Distanza_(matematica),0
Retta,Prisma,0
Triangolo_equilatero,Geometria,1
Poligono,Rettangolo,0
Ottagono,Segmento,1
Perpendicolarit%C3%A0,Trapezio,0
Simmetria,Traslazione_(geometria),0
Punto_(geometria),Teorema_della_bisettrice,0
Disuguaglianza_triangolare,Lunghezza_di_un_arco,0
Vertice_(geometria),Poligono,0
Diametro,Segmento,1
Retta,Secante_(geometria),0
Poliedro,Retta,1
Geometria,Decagono,0
Poligono,Endecagono,0
Angolo,Distanza_(matematica),0
Asse_di_un_segmento,Congruenza_(geometria),0
Geometria,Quadrato,0
Decagono,Spigolo,1
Rotazione_(matematica),Distanza_(matematica),0
Vertice_(geometria),Poligono_stellato,0
Retta,Angolo,0
Auto_similarit%C3%A0,Similitudine_(geometria),1
Rombo_(geometria),Quadrato,0
Spigolo,Retta,1
Teorema_di_Pitagora,Lunghezza_di_un_arco,0
Geometria,Prisma,0
Funzione_trigonometrica,Corda_(geometria),0
Funzione_trigonometrica_inversa,Tangente_(geometria),0
Geometria,Simmetria,0
Teorema_della_bisettrice,Punto_(geometria),1
Poligono_stellato,Vertice_(geometria),1
Punto_(geometria),Raggio_(geometria),0
Terna_pitagorica,Retta,1
Parallelismo_(geometria),Tangente_(geometria),0
Segmento,Arco_(geometria),0
Poligono,Rombo_(geometria),0
Punto_(geometria),Triangolo_isoscele,0
Retta,Trapezio,0
Rombo_(geometria),Seno_(matematica),0
Retta,Terna_pitagorica,0
Sistema_di_riferimento_cartesiano,Bidimensionalit%C3%A0,1
Vertice_(geometria),Piramide_(geometria),0
Geometria,Punto_medio,0
Pentagono,Punto_(geometria),1
Triangolo_rettangolo,Triangolo_isoscele,0
Terna_pitagorica,Poligono,1
Teorema_della_bisettrice,Geometria,1
Circonferenza,Coefficiente_angolare,0
Geometria,Similitudine_(geometria),0
Punto_(geometria),Punto_medio,0
Retta,Decagono,0
Punto_(geometria),Lunghezza_di_un_arco,0
Angolo,Perpendicolarit%C3%A0,0
Ennagono,Segmento,1
Riflessione_(geometria),Circonferenza,0
Perpendicolarit%C3%A0,Vertice_(geometria),0
Vertice_(geometria),Rettangolo,0
Quadrato,Trapezio,0
Rombo_(geometria),Aquilone_(geometria),0
Funzione_trigonometrica_inversa,Geometria,1
Similitudine_(geometria),Poligono,0
Vertice_(geometria),Prisma,0
Punto_(geometria),Geometria,1
Rombo_(geometria),Triangolo,0
Triangolo_isoscele,Geometria,1
Terna_pitagorica,Angolo,1
Poliedro,Diagonale,0
Parallelogramma,Rettangolo,0
Faccia_(geometria),Piano_(geometria),0
Parallelogramma,Segmento,1
Collinearit%C3%A0,Punto_medio,0
Triangolo_rettangolo,Diametro,0
Arco_(geometria),Diametro,0
Rombo_(geometria),Geometria,1
Sistema_di_riferimento_cartesiano,Angolo,1
Parallelismo_(geometria),Circonferenza,0
Perpendicolarit%C3%A0,Corda_(geometria),0
Tangente_(geometria),Triangolo_isoscele,0
Triangolo_equilatero,Retta,1
Trapezio,Retta,1
Retta,Rettangolo,0
Asse_di_un_segmento,Segmento,1
Geometria,Pentagono,0
Angolo_retto,Rettangolo,0
Rettangolo,Traslazione_(geometria),0
Similitudine_(geometria),Circonferenza,0
Congruenza_(geometria),Vertice_(geometria),1
Angolo_retto,Triangolo,0
Punto_(geometria),Decagono,0
Retta,Teorema_della_bisettrice,0
Quadrato,Simmetria,0
Perpendicolarit%C3%A0,Teorema_della_bisettrice,0
Simmetria,Geometria,1
Angolo,Angolo_retto,0
Prisma,Distanza_(matematica),0
Punto_medio,Angolo,0
Retta,Punto_medio,0
Ettagono,Poligono,1
Quadrato,Ottagono,0
Raggio_(geometria),Sfera,0
Diametro,Retta,1
Segmento,Rombo_(geometria),0
Punto_(geometria),Tangente_(geometria),0
Punto_(geometria),Diametro,0
Rettangolo,Poligono,1
Asse_di_un_segmento,Diagonale,0
Poligono,Angolo,1
Prisma,Retta,1
Collinearit%C3%A0,Tangente_(geometria),0
Diagonale,Spigolo,1
Retta,Tangente_(geometria),0
Triangolo,Punto_(geometria),1
Disuguaglianza_triangolare,Retta,1
Angolo,Funzione_trigonometrica,0
Circonferenza,Decagono,0
Vertice_(geometria),Disuguaglianza_triangolare,0
Poligono,Ennagono,0
Geometria,Tangente_(geometria),0
Triangolo,Triangolo_equilatero,0
Angolo,Quadrato,0
Triangolo,Disuguaglianza_triangolare,0
Vertice_(geometria),Parallelogramma,0
Segmento,Congruenza_(geometria),0
Triangolo,Teorema_di_Pitagora,0
Spigolo,Terna_pitagorica,0
Segmento,Funzione_trigonometrica_inversa,0
Segmento,Quadrilatero,0
Pentagono,Diagonale,0
Asse_di_un_segmento,Parallelogramma,0
Bidimensionalit%C3%A0,Sistema_di_coordinate,0
Funzione_trigonometrica,Tangente_(geometria),0
Dodecagono,Geometria,1
Endecagono,Retta,1
Geometria,Raggio_(geometria),0
Rotazione_(matematica),Spazio_(matematica),0
Diametro,Distanza_(matematica),0
Teorema_di_Pitagora,Triangolo_isoscele,0
Decagono,Segmento,1
Segmento,Triangolo_rettangolo,0
Spigolo,Punto_(geometria),1
Dodecagono,Esagono,0
Seno_(matematica),Sistema_di_riferimento_cartesiano,0
Teorema_di_Pitagora,Punto_(geometria),1
Spigolo,Poligono_stellato,0
Raggio_(geometria),Retta,1
Sfera,Poliedro,0
Funzione_trigonometrica,Triangolo_rettangolo,0
Poligono,Esagono,0
Quadrato,Circonferenza,0
Tangente_(geometria),Triangolo,1
Geometria,Endecagono,0
Ettagono,Spigolo,1
Rettangolo,Vertice_(geometria),1
Punto_(geometria),Vertice_(geometria),0
Prisma,Parallelogramma,0
Rotazione_(matematica),Punto_(geometria),1
Collinearit%C3%A0,Distanza_(matematica),0
Rombo_(geometria),Segmento,1
Poligono,Pentagono,0
Aquilone_(geometria),Quadrilatero,1
Vertice_(geometria),Punto_(geometria),1
Parallelogramma,Tassellatura,0
Geometria,Asse_di_un_segmento,0
Triangolo_rettangolo,Tangente_(geometria),0
Seno_(matematica),Segmento,1
Tangente_(geometria),Spigolo,1
Piramide_(geometria),Retta,1
Bidimensionalit%C3%A0,Punto_(geometria),1
Lunghezza_di_un_arco,Circonferenza,1
Punto_(geometria),Ennagono,0
Bidimensionalit%C3%A0,Poligono_stellato,0
Retta,Quadrato,0
Secante_(geometria),Corda_(geometria),0
Punto_medio,Teorema_della_bisettrice,0
Retta,Raggio_(geometria),0
Prisma,Segmento,1
Segmento,Ottagono,0
Punto_(geometria),Endecagono,0
Geometria,Funzione_trigonometrica_inversa,0
Punto_(geometria),Angolo,0
Segmento,Similitudine_(geometria),0
Esagono,Angolo,1
Poliedro,Vertice_(geometria),1
Disuguaglianza_triangolare,Parallelogramma,0
Piano_(geometria),Sistema_di_coordinate,0
Raggio_(geometria),Geometria,1
Triangolo_equilatero,Quadrato,0
Parallelismo_(geometria),Punto_(geometria),1
Similitudine_(geometria),Quadrato,0
Angolo,Endecagono,0
Tassellatura,Vertice_(geometria),0
Teorema_della_bisettrice,Seno_(matematica),0
Prisma,Parallelismo_(geometria),1
Tassellatura,Aquilone_(geometria),0
Punto_(geometria),Rettangolo,0
Teorema_della_bisettrice,Spigolo,1
Asse_di_un_segmento,Retta,1
Diagonale,Punto_(geometria),1
Quadrato,Sistema_di_coordinate,0
Parallelogramma,Teorema_di_Pitagora,0
Parallelismo_(geometria),Distanza_(matematica),0
Spigolo,Funzione_trigonometrica_inversa,0
Geometria,Parallelogramma,0
Decagono,Poligono,1
Terna_pitagorica,Geometria,1
Terna_pitagorica,Angolo_retto,1
Congruenza_(geometria),Geometria,1
Collinearit%C3%A0,Corda_(geometria),0
Distanza_(matematica),Lunghezza_di_un_arco,0
Similitudine_(geometria),Punto_medio,0
Circonferenza,Cono,0
Geometria,Perpendicolarit%C3%A0,0
Teorema_della_bisettrice,Triangolo,1
Poligono,Piramide_(geometria),0
Terna_pitagorica,Vertice_(geometria),1
Disuguaglianza_triangolare,Geometria,1
Triangolo_isoscele,Segmento,1
Triangolo_rettangolo,Circonferenza,0
Sistema_di_riferimento_cartesiano,Distanza_(matematica),1
Angolo,Circonferenza,0
Similitudine_(geometria),Riflessione_(geometria),0
Triangolo,Sfera,0
Diametro,Geometria,1
Punto_medio,Segmento,1
Tangente_(geometria),Piramide_(geometria),0
Bidimensionalit%C3%A0,Sfera,0
Rettangolo,Quadrato,0
Faccia_(geometria),Simmetria,0
Secante_(geometria),Retta,1
Poliedro,Poligono,1
Vertice_(geometria),Funzione_trigonometrica_inversa,0
Perpendicolarit%C3%A0,Sistema_di_riferimento_cartesiano,0
Circonferenza,Diagonale,0
Dodecagono,Punto_(geometria),1
Disuguaglianza_triangolare,Terna_pitagorica,0
Pendenza_topografica,Angolo,1
Piramide_(geometria),Angolo,1
Seno_(matematica),Spigolo,1
Spigolo,Seno_(matematica),0
Retta,Esagono,0
Punto_(geometria),Sistema_di_coordinate,0
Triangolo_isoscele,Vertice_(geometria),1
Spigolo,Diagonale,0
Perpendicolarit%C3%A0,Retta,1
Teorema_della_bisettrice,Perpendicolarit%C3%A0,1
Disuguaglianza_triangolare,Triangolo_rettangolo,0
Similitudine_(geometria),Terna_pitagorica,0
Pentagono,Vertice_(geometria),1
Congruenza_(geometria),Sfera,0
Tangente_(geometria),Poligono,1
Collinearit%C3%A0,Punto_(geometria),1
Diametro,Aquilone_(geometria),0
Congruenza_(geometria),Segmento,1
Geometria,Rettangolo,0
Rettangolo,Sfera,0
Diametro,Punto_(geometria),1
Punto_(geometria),Poliedro,0
Quadrato,Spigolo,1
Circonferenza,Secante_(geometria),0
Diametro,Decagono,0
Prisma,Poligono,1
Angolo_retto,Trapezio,0
Rombo_(geometria),Retta,1
Funzione_trigonometrica_inversa,Angolo,1
Spigolo,Quadrato,0
Congruenza_(geometria),Diametro,0
Parallelismo_(geometria),Retta,1
Triangolo_rettangolo,Terna_pitagorica,0
Tangente_(geometria),Aquilone_(geometria),0
Decagono,Angolo,1
Retta,Quadrilatero,0
Raggio_(geometria),Segmento,1
Spigolo,Decagono,0
Teorema_della_bisettrice,Segmento,1
Segmento,Parallelismo_(geometria),0
Perpendicolarit%C3%A0,Quadrilatero,0
Cono,Sistema_di_riferimento_cartesiano,0
Lunghezza_di_un_arco,Coefficiente_angolare,0
Punto_(geometria),Triangolo_equilatero,0
Distanza_(matematica),Sistema_di_riferimento_cartesiano,0
Angolo_retto,Angolo,1
Circonferenza,Raggio_(geometria),0
Ettagono,Geometria,1
Teorema_della_bisettrice,Punto_medio,1
Congruenza_(geometria),Triangolo_isoscele,0
Arco_(geometria),Corda_(geometria),0
Geometria,Seno_(matematica),0
Geometria,Retta,0
Triangolo,Geometria,1
Funzione_trigonometrica_inversa,Teorema_di_Pitagora,0
Endecagono,Segmento,1
Circonferenza,Poligono,0
Poligono_stellato,Segmento,1
Sistema_di_riferimento_cartesiano,Perpendicolarit%C3%A0,1
Spigolo,Faccia_(geometria),0
Pentagono,Poligono,1
Endecagono,Vertice_(geometria),1
Geometria,Tassellatura,0
Sistema_di_coordinate,Piano_(geometria),1
Poliedro,Angolo,1
Vertice_(geometria),Diagonale,0
Punto_medio,Trapezio,0
Coefficiente_angolare,Retta,1
Bidimensionalit%C3%A0,Decagono,0
Punto_medio,Triangolo_isoscele,0
Poliedro,Prisma,0
Geometria,Punto_(geometria),0
Cono,Geometria,1
Quadrato,Teorema_di_Pitagora,0
Piano_(geometria),Tassellatura,0
Triangolo,Tassellatura,0
Similitudine_(geometria),Auto_similarit%C3%A0,0
Segmento,Sezione_(geometria_descrittiva),0
Poliedro,Sistema_di_coordinate,0
Poligono_stellato,Angolo,1
Parallelogramma,Parallelismo_(geometria),1
Punto_(geometria),Corda_(geometria),0
Poligono,Aquilone_(geometria),0
Triangolo_rettangolo,Triangolo,1
Funzione_trigonometrica,Funzione_trigonometrica_inversa,0
Vertice_(geometria),Esagono,0
Angolo,Spazio_(matematica),0
Retta,Rombo_(geometria),0
Punto_(geometria),Seno_(matematica),0
Geometria,Bidimensionalit%C3%A0,0
Diagonale,Angolo,1
Triangolo_rettangolo,Geometria,1
Retta,Distanza_(matematica),0
Quadrilatero,Quadrato,0
Spigolo,Vertice_(geometria),1
Poligono,Spazio_(matematica),0
Simmetria,Rombo_(geometria),0
Punto_(geometria),Congruenza_(geometria),0
Angolo,Seno_(matematica),0
Vertice_(geometria),Triangolo_isoscele,0
Segmento,Aquilone_(geometria),0
Vertice_(geometria),Triangolo_equilatero,0
Geometria,Arco_(geometria),0
Ennagono,Angolo,1
Rettangolo,Retta,1
Raggio_(geometria),Sistema_di_riferimento_cartesiano,0
Collinearit%C3%A0,Rettangolo,0
Poliedro,Sezione_(geometria_descrittiva),0
Triangolo,Funzione_trigonometrica,0
Perpendicolarit%C3%A0,Triangolo_isoscele,0
Vertice_(geometria),Quadrato,0
Spigolo,Esagono,0
Angolo,Triangolo_equilatero,0
Raggio_(geometria),Poligono,0
Disuguaglianza_triangolare,Distanza_(matematica),0
Geometria,Quadrilatero,0
Diametro,Perpendicolarit%C3%A0,0
Asse_di_un_segmento,Triangolo_isoscele,0
Simmetria,Trapezio,0
Geometria,Riflessione_(geometria),0
Triangolo_isoscele,Triangolo_equilatero,0
Quadrato,Angolo_retto,1
Pentagono,Angolo,1
Parallelismo_(geometria),Quadrato,0
Teorema_di_Pitagora,Parallelogramma,0
Triangolo,Esagono,0
Triangolo,Piano_(geometria),0
Retta,Collinearit%C3%A0,0
Piramide_(geometria),Sfera,0
Geometria,Aquilone_(geometria),0
Decagono,Retta,1
Sistema_di_coordinate,Angolo_retto,0
Teorema_di_Pitagora,Perpendicolarit%C3%A0,0
Circonferenza,Distanza_(matematica),0
Ennagono,Vertice_(geometria),1
Asse_di_un_segmento,Tangente_(geometria),0
Poliedro,Rombo_(geometria),0
Tassellatura,Esagono,0
Rombo_(geometria),Cono,0
Spigolo,Tangente_(geometria),0
Sfera,Circonferenza,1
Rombo_(geometria),Circonferenza,0
Simmetria,Quadrilatero,0
Collinearit%C3%A0,Sfera,0
Ettagono,Punto_(geometria),1
Segmento,Prisma,0
Esagono,Geometria,1
Piramide_(geometria),Spigolo,1
Sezione_(geometria_descrittiva),Piano_(geometria),1
Quadrilatero,Tassellatura,0
Vertice_(geometria),Geometria,1
Angolo,Diagonale,0
Congruenza_(geometria),Retta,1
Punto_(geometria),Diagonale,0
Ennagono,Punto_(geometria),1
Rotazione_(matematica),Angolo,1
Tangente_(geometria),Distanza_(matematica),0
Sistema_di_riferimento_cartesiano,Punto_(geometria),1
Punto_(geometria),Ottagono,0
Disuguaglianza_triangolare,Segmento,1
Angolo,Tangente_(geometria),0
Punto_(geometria),Retta,0
Pentagono,Decagono,0
Geometria,Trapezio,0
Asse_di_un_segmento,Corda_(geometria),0
Decagono,Punto_(geometria),1
Rotazione_(matematica),Simmetria,1
Teorema_di_Pitagora,Rettangolo,0
Teorema_di_Pitagora,Segmento,1
Simmetria,Prisma,0
Rettangolo,Quadrilatero,1
Sistema_di_coordinate,Distanza_(matematica),0
Angolo,Quadrilatero,0
Vertice_(geometria),Decagono,0
Perpendicolarit%C3%A0,Tangente_(geometria),0
Quadrato,Perpendicolarit%C3%A0,0
Geometria,Angolo_retto,0
Rettangolo,Piramide_(geometria),0
Poligono,Punto_(geometria),1
Vertice_(geometria),Funzione_trigonometrica,0
Retta,Sfera,0
Punto_medio,Sistema_di_coordinate,0
Raggio_(geometria),Distanza_(matematica),0
Triangolo,Spigolo,1
Triangolo,Similitudine_(geometria),0
Segmento,Piramide_(geometria),0
Tangente_(geometria),Punto_(geometria),1
Punto_(geometria),Circonferenza,0
Riflessione_(geometria),Simmetria,1
Piramide_(geometria),Triangolo,0
Piramide_(geometria),Geometria,1
Geometria,Auto_similarit%C3%A0,0
Quadrilatero,Retta,1
Asse_di_un_segmento,Perpendicolarit%C3%A0,1
Faccia_(geometria),Quadrato,0
Tangente_(geometria),Funzione_trigonometrica,1
Circonferenza,Corda_(geometria),0
Aquilone_(geometria),Vertice_(geometria),1
Tassellatura,Piano_(geometria),1
Segmento,Poligono,0
Diametro,Asse_di_un_segmento,0
Segmento,Rettangolo,0
Retta,Angolo_retto,0
Triangolo_equilatero,Poligono,1
Quadrato,Parallelismo_(geometria),1
Angolo_retto,Triangolo_rettangolo,0
Congruenza_(geometria),Distanza_(matematica),0
Congruenza_(geometria),Riflessione_(geometria),0
Geometria,Triangolo_equilatero,0
Geometria,Dodecagono,0
Triangolo,Terna_pitagorica,0
Funzione_trigonometrica,Circonferenza,0
Rombo_(geometria),Congruenza_(geometria),0
Congruenza_(geometria),Tassellatura,0
Funzione_trigonometrica_inversa,Triangolo,1
Retta,Parallelogramma,0
Angolo,Terna_pitagorica,0
Teorema_di_Pitagora,Funzione_trigonometrica,0
Funzione_trigonometrica,Segmento,1
Circonferenza,Sfera,0
Segmento,Poliedro,0
Rombo_(geometria),Poligono,1
Rotazione_(matematica),Riflessione_(geometria),0
Rettangolo,Asse_di_un_segmento,0
Rotazione_(matematica),Sistema_di_riferimento_cartesiano,0
Punto_(geometria),Asse_di_un_segmento,0
Spigolo,Ottagono,0
Retta,Diagonale,0
Seno_(matematica),Retta,1
Punto_(geometria),Sfera,0
Ottagono,Spigolo,1
Pendenza_topografica,Punto_(geometria),1
Similitudine_(geometria),Triangolo_isoscele,0
Endecagono,Poligono,1
Tassellatura,Poligono,0
Dodecagono,Retta,1
Teorema_di_Pitagora,Bidimensionalit%C3%A0,0
Prisma,Congruenza_(geometria),0
Funzione_trigonometrica,Distanza_(matematica),0
Retta,Poliedro,0
Diametro,Corda_(geometria),1
Geometria,Rombo_(geometria),0
Quadrilatero,Spigolo,1
Punto_(geometria),Terna_pitagorica,0
Rettangolo,Spigolo,1
Corda_(geometria),Diametro,0
Riflessione_(geometria),Punto_(geometria),1
Segmento,Triangolo_equilatero,0
Dodecagono,Segmento,1
Collinearit%C3%A0,Disuguaglianza_triangolare,0
Spigolo,Ettagono,0
Funzione_trigonometrica_inversa,Punto_(geometria),1
Triangolo,Circonferenza,0
Funzione_trigonometrica,Seno_(matematica),0
Ettagono,Bidimensionalit%C3%A0,0
Rombo_(geometria),Tangente_(geometria),0
Funzione_trigonometrica,Similitudine_(geometria),0
Retta,Triangolo_rettangolo,0
Geometria,Teorema_di_Pitagora,0
Segmento,Esagono,0
Spigolo,Rettangolo,0
Poligono,Triangolo_isoscele,0
Bidimensionalit%C3%A0,Geometria,1
Raggio_(geometria),Diametro,0
Similitudine_(geometria),Spazio_(matematica),0
Retta,Triangolo_equilatero,0
Circonferenza,Trapezio,0
Ottagono,Punto_(geometria),1
Geometria,Disuguaglianza_triangolare,0
Pendenza_topografica,Distanza_(matematica),0
Ottagono,Retta,1
Poligono,Quadrato,0
Angolo,Sistema_di_coordinate,0
Angolo_retto,Punto_(geometria),1
Parallelismo_(geometria),Coefficiente_angolare,0
Dodecagono,Poligono,1
Prisma,Poliedro,1
Vertice_(geometria),Teorema_della_bisettrice,0
Segmento,Triangolo,0
Similitudine_(geometria),Triangolo_rettangolo,0
Piano_(geometria),Geometria,1
Retta,Circonferenza,0
Perpendicolarit%C3%A0,Coefficiente_angolare,0
Rombo_(geometria),Trapezio,0
Retta,Funzione_trigonometrica,0
Tangente_(geometria),Lunghezza_di_un_arco,0
Diagonale,Aquilone_(geometria),0
Quadrilatero,Rettangolo,0
Disuguaglianza_triangolare,Spigolo,1
Parallelogramma,Faccia_(geometria),0
Quadrilatero,Punto_medio,0
Quadrilatero,Rombo_(geometria),0
Rettangolo,Triangolo,0
Geometria,Spigolo,0
Similitudine_(geometria),Rotazione_(matematica),0
Spigolo,Aquilone_(geometria),0
Disuguaglianza_triangolare,Angolo,1
Poligono_stellato,Retta,1
Geometria,Coefficiente_angolare,0
Punto_(geometria),Aquilone_(geometria),0
Lunghezza_di_un_arco,Tangente_(geometria),0
Circonferenza,Triangolo,0
Teorema_di_Pitagora,Similitudine_(geometria),0
Poligono_stellato,Punto_(geometria),1
Triangolo_rettangolo,Seno_(matematica),0
Punto_medio,Triangolo_rettangolo,0
Piano_(geometria),Sistema_di_riferimento_cartesiano,0
Diametro,Sfera,0
Angolo,Funzione_trigonometrica_inversa,0
Quadrato,Angolo,1
Geometria,Triangolo,0
Quadrilatero,Esagono,0
Retta,Geometria,1
Segmento,Ettagono,0
Teorema_della_bisettrice,Retta,1
Traslazione_(geometria),Sistema_di_coordinate,0
Angolo,Poligono_stellato,0
Vertice_(geometria),Terna_pitagorica,0
Angolo,Retta,1
Arco_(geometria),Piano_(geometria),0
Punto_medio,Tangente_(geometria),0
Vertice_(geometria),Seno_(matematica),0
Angolo,Rotazione_(matematica),0
Disuguaglianza_triangolare,Teorema_di_Pitagora,0
Angolo,Poligono,0
Quadrato,Retta,1
Segmento,Teorema_di_Pitagora,0
Quadrilatero,Parallelogramma,0
Retta,Ottagono,0
Poligono,Poliedro,0
Poligono,Funzione_trigonometrica_inversa,0
Rombo_(geometria),Faccia_(geometria),0
Congruenza_(geometria),Sistema_di_riferimento_cartesiano,0
Faccia_(geometria),Rombo_(geometria),0
Piramide_(geometria),Piano_(geometria),0
Segmento,Distanza_(matematica),0
Bidimensionalit%C3%A0,Endecagono,0
Asse_di_un_segmento,Trapezio,0
Punto_(geometria),Parallelogramma,0
Congruenza_(geometria),Poligono,1
Quadrato,Rettangolo,1
Segmento,Raggio_(geometria),0
Vertice_(geometria),Spigolo,0
Angolo,Poliedro,0
Retta,Segmento,0
Segmento,Retta,1
Parallelogramma,Rombo_(geometria),0
Trapezio,Parallelogramma,0
Funzione_trigonometrica,Angolo,1
Secante_(geometria),Tangente_(geometria),0
Angolo_retto,Perpendicolarit%C3%A0,0
Arco_(geometria),Perpendicolarit%C3%A0,0
Geometria,Congruenza_(geometria),0
Teorema_di_Pitagora,Triangolo_rettangolo,1
Rombo_(geometria),Rettangolo,0
Congruenza_(geometria),Spigolo,1
Triangolo,Perpendicolarit%C3%A0,0
Parallelismo_(geometria),Geometria,1
Rettangolo,Simmetria,0
Asse_di_un_segmento,Punto_(geometria),1
Geometria,Circonferenza,0
Similitudine_(geometria),Traslazione_(geometria),0
Sistema_di_coordinate,Lunghezza_di_un_arco,0
Quadrato,Segmento,1
Triangolo_isoscele,Triangolo,1
Quadrato,Poligono,1
Punto_(geometria),Funzione_trigonometrica_inversa,0
Angolo_retto,Retta,1
Pendenza_topografica,Seno_(matematica),0
Angolo,Vertice_(geometria),0
Asse_di_un_segmento,Punto_medio,1
Rotazione_(matematica),Geometria,1
Congruenza_(geometria),Sistema_di_coordinate,0
Parallelismo_(geometria),Rombo_(geometria),0
Angolo_retto,Sistema_di_coordinate,0
Sistema_di_coordinate,Sistema_di_riferimento_cartesiano,0
Spigolo,Rombo_(geometria),0
Triangolo_equilatero,Vertice_(geometria),1
Pentagono,Dodecagono,0
Teorema_di_Pitagora,Vertice_(geometria),1
Aquilone_(geometria),Retta,1
Rombo_(geometria),Diagonale,0
Ettagono,Segmento,1
Esagono,Vertice_(geometria),1
Poligono,Parallelogramma,0
Secante_(geometria),Geometria,1
Teorema_di_Pitagora,Cono,0
Parallelogramma,Congruenza_(geometria),0
Rombo_(geometria),Quadrilatero,1
Poligono,Bidimensionalit%C3%A0,0
Punto_(geometria),Piramide_(geometria),0
Triangolo_rettangolo,Punto_(geometria),1
Triangolo_isoscele,Spigolo,1
Piano_(geometria),Bidimensionalit%C3%A0,0
Perpendicolarit%C3%A0,Congruenza_(geometria),0
Spigolo,Teorema_di_Pitagora,0
Raggio_(geometria),Sistema_di_coordinate,0
Poliedro,Spigolo,1
Simmetria,Perpendicolarit%C3%A0,0
Geometria,Ottagono,0
Angolo,Sfera,0
Quadrato,Geometria,1
Punto_(geometria),Poligono,0
Similitudine_(geometria),Angolo,0
Spigolo,Teorema_della_bisettrice,0
Poliedro,Tassellatura,0
Piramide_(geometria),Cono,0
Punto_(geometria),Spazio_(matematica),0
Teorema_di_Pitagora,Sfera,0
Circonferenza,Sistema_di_riferimento_cartesiano,0
Terna_pitagorica,Segmento,1
Seno_(matematica),Geometria,1
Tangente_(geometria),Angolo,1
Quadrato,Esagono,0
Retta,Funzione_trigonometrica_inversa,0
Punto_(geometria),Quadrato,0
Angolo,Disuguaglianza_triangolare,0
Segmento,Traslazione_(geometria),0
Vertice_(geometria),Triangolo_rettangolo,0
Geometria,Funzione_trigonometrica,0
Rettangolo,Angolo_retto,1
Angolo,Cono,0
Corda_(geometria),Punto_(geometria),1
Riflessione_(geometria),Sistema_di_riferimento_cartesiano,0
Punto_(geometria),Segmento,0
Segmento,Funzione_trigonometrica,0
Triangolo,Triangolo_isoscele,0
Teorema_di_Pitagora,Spigolo,1
Auto_similarit%C3%A0,Simmetria,1
Tangente_(geometria),Sezione_(geometria_descrittiva),0
Seno_(matematica),Punto_(geometria),1
Geometria,Esagono,0
Aquilone_(geometria),Punto_(geometria),1
Faccia_(geometria),Poligono,0
Poligono,Simmetria,0
Angolo_retto,Terna_pitagorica,0
Collinearit%C3%A0,Piano_(geometria),0
Riflessione_(geometria),Retta,1
Rettangolo,Trapezio,0
Quadrato,Aquilone_(geometria),0
Diametro,Lunghezza_di_un_arco,0
Angolo,Congruenza_(geometria),0
Circonferenza,Sistema_di_coordinate,0
Vertice_(geometria),Quadrilatero,0
Angolo,Teorema_della_bisettrice,0
Retta,Sistema_di_riferimento_cartesiano,0
Vertice_(geometria),Endecagono,0
Riflessione_(geometria),Geometria,1
Angolo_retto,Sistema_di_riferimento_cartesiano,0
Sistema_di_riferimento_cartesiano,Geometria,1
Segmento,Cono,0
Quadrilatero,Distanza_(matematica),0
Parallelogramma,Triangolo_rettangolo,0
Teorema_della_bisettrice,Poligono,1
Poligono,Poligono_stellato,0
Poliedro,Piramide_(geometria),0
Asse_di_un_segmento,Teorema_della_bisettrice,0
Poliedro,Segmento,1
Simmetria,Poligono_stellato,0
Lunghezza_di_un_arco,Arco_(geometria),1
Funzione_trigonometrica,Punto_(geometria),1
Poligono_stellato,Spigolo,1
Diagonale,Triangolo_isoscele,0
Congruenza_(geometria),Spazio_(matematica),0
Segmento,Punto_(geometria),1
Perpendicolarit%C3%A0,Segmento,0
Retta,Disuguaglianza_triangolare,0
Corda_(geometria),Retta,1
Aquilone_(geometria),Spigolo,1
Parallelogramma,Tangente_(geometria),0
Poligono,Sezione_(geometria_descrittiva),0
Similitudine_(geometria),Rombo_(geometria),0
Poligono,Terna_pitagorica,0
Spigolo,Poligono,0
Diagonale,Quadrato,0
Faccia_(geometria),Tassellatura,0
Disuguaglianza_triangolare,Triangolo,1
Quadrilatero,Vertice_(geometria),1
Prisma,Quadrato,0
Punto_medio,Retta,1
Geometria,Piano_(geometria),0
Rettangolo,Perpendicolarit%C3%A0,0
Coefficiente_angolare,Tangente_(geometria),0
Congruenza_(geometria),Rombo_(geometria),0
Endecagono,Geometria,1
Pentagono,Prisma,0
Spigolo,Congruenza_(geometria),0
Tangente_(geometria),Esagono,0
Circonferenza,Tangente_(geometria),0
Triangolo,Sistema_di_coordinate,0
Teorema_di_Pitagora,Congruenza_(geometria),0
Punto_(geometria),Sistema_di_riferimento_cartesiano,0
Auto_similarit%C3%A0,Geometria,1
Triangolo_rettangolo,Angolo_retto,1
Ottagono,Angolo,1
Arco_(geometria),Geometria,1
Poliedro,Simmetria,0
Punto_(geometria),Rotazione_(matematica),0
Punto_(geometria),Trapezio,0
Geometria,Angolo,0
Diametro,Parallelogramma,0
Segmento,Geometria,1
Tangente_(geometria),Retta,1
Teorema_di_Pitagora,Distanza_(matematica),0
Coefficiente_angolare,Secante_(geometria),0
Circonferenza,Teorema_della_bisettrice,0
Angolo,Asse_di_un_segmento,0
Vertice_(geometria),Faccia_(geometria),0
Coefficiente_angolare,Geometria,1
Angolo,Sistema_di_riferimento_cartesiano,0
Punto_medio,Corda_(geometria),0
Poligono,Prisma,0
Prisma,Geometria,1
Raggio_(geometria),Angolo,0
Disuguaglianza_triangolare,Vertice_(geometria),1
Triangolo_rettangolo,Lunghezza_di_un_arco,0
Pentagono,Retta,1
Triangolo,Triangolo_rettangolo,0
Esagono,Segmento,1
Congruenza_(geometria),Punto_(geometria),1
Funzione_trigonometrica,Sistema_di_riferimento_cartesiano,0
Angolo_retto,Quadrato,0
Traslazione_(geometria),Sistema_di_riferimento_cartesiano,0
Retta,Congruenza_(geometria),0
Geometria,Cono,0
Triangolo,Funzione_trigonometrica_inversa,0
Rotazione_(matematica),Sfera,0
Ennagono,Retta,1
Quadrilatero,Poligono,1
Teorema_di_Pitagora,Seno_(matematica),0
Spigolo,Disuguaglianza_triangolare,0
Triangolo_equilatero,Segmento,1
Teorema_di_Pitagora,Retta,1
Punto_(geometria),Riflessione_(geometria),0
Endecagono,Spigolo,1
Perpendicolarit%C3%A0,Distanza_(matematica),0
Poliedro,Sistema_di_riferimento_cartesiano,0
Punto_(geometria),Dodecagono,0
Retta,Triangolo_isoscele,0
Triangolo,Poligono,1
Disuguaglianza_triangolare,Sfera,0
Spazio_(matematica),Sistema_di_riferimento_cartesiano,0
Geometria,Sfera,0
Riflessione_(geometria),Angolo,1
Punto_(geometria),Pentagono,0
Punto_(geometria),Collinearit%C3%A0,0
Retta,Corda_(geometria),0
Triangolo_isoscele,Angolo,1
Diametro,Tangente_(geometria),0
Triangolo_equilatero,Asse_di_un_segmento,0
Spigolo,Triangolo,0
Triangolo_rettangolo,Retta,1
Disuguaglianza_triangolare,Circonferenza,0
Vertice_(geometria),Congruenza_(geometria),0
Angolo,Decagono,0
Prisma,Spigolo,1
Quadrato,Parallelogramma,1
Retta,Ettagono,0
Bidimensionalit%C3%A0,Ottagono,0
Geometria,Diagonale,0
Parallelogramma,Coefficiente_angolare,0
Simmetria,Similitudine_(geometria),0
Angolo,Triangolo,0
Angolo,Trapezio,0
Teorema_di_Pitagora,Poligono,1
Parallelogramma,Aquilone_(geometria),0
Geometria,Terna_pitagorica,0
Funzione_trigonometrica,Vertice_(geometria),1
Punto_medio,Diagonale,0
Segmento,Spigolo,0
Rettangolo,Bidimensionalit%C3%A0,0
Parallelismo_(geometria),Parallelogramma,0
Angolo,Geometria,1
Vertice_(geometria),Triangolo,0
Arco_(geometria),Tangente_(geometria),0
Coefficiente_angolare,Distanza_(matematica),0
Geometria,Poligono,0
Punto_(geometria),Parallelismo_(geometria),0
Poliedro,Trapezio,0
Quadrilatero,Angolo,1
Esagono,Spigolo,1
Rettangolo,Segmento,1
Similitudine_(geometria),Seno_(matematica),0
Geometria,Secante_(geometria),0
Angolo,Rettangolo,0
Lunghezza_di_un_arco,Geometria,1
Segmento,Teorema_della_bisettrice,0
Prisma,Perpendicolarit%C3%A0,0
Congruenza_(geometria),Similitudine_(geometria),0
Retta,Pentagono,0
Triangolo_rettangolo,Vertice_(geometria),1
Congruenza_(geometria),Traslazione_(geometria),0
Poligono_stellato,Geometria,1
Angolo,Tassellatura,0
Vertice_(geometria),Pentagono,0
Triangolo,Angolo,1
Parallelismo_(geometria),Piano_(geometria),0
Asse_di_un_segmento,Rombo_(geometria),0
Angolo,Ettagono,0
Tangente_(geometria),Cono,0
Raggio_(geometria),Punto_(geometria),1
Quadrato,Punto_(geometria),1
Diagonale,Geometria,1
Pentagono,Circonferenza,0
Rotazione_(matematica),Retta,1
Triangolo_isoscele,Poligono,1
Retta,Riflessione_(geometria),0
Collinearit%C3%A0,Geometria,1
Geometria,Sistema_di_riferimento_cartesiano,0
Similitudine_(geometria),Triangolo_equilatero,0
Triangolo,Distanza_(matematica),0
Poligono_stellato,Ottagono,0
Poligono,Dodecagono,0
Triangolo_equilatero,Triangolo,1
Poligono,Vertice_(geometria),1
Rombo_(geometria),Punto_medio,0
Seno_(matematica),Poligono,1
Triangolo,Seno_(matematica),0
Ennagono,Geometria,1
Dodecagono,Vertice_(geometria),1
Perpendicolarit%C3%A0,Sezione_(geometria_descrittiva),0
Coefficiente_angolare,Punto_(geometria),1
Piano_(geometria),Sfera,0
Funzione_trigonometrica_inversa,Spigolo,1
Rotazione_(matematica),Piano_(geometria),0
Triangolo_rettangolo,Segmento,1
Poliedro,Faccia_(geometria),1
Segmento,Triangolo_isoscele,0
Geometria,Segmento,0
Parallelogramma,Retta,1
Raggio_(geometria),Cono,0
Poligono_stellato,Decagono,0
Lunghezza_di_un_arco,Raggio_(geometria),0
Pentagono,Geometria,1
Punto_(geometria),Rombo_(geometria),0
Punto_(geometria),Piano_(geometria),0
Poligono_stellato,Tassellatura,0
Angolo,Esagono,0
Geometria,Parallelismo_(geometria),0
Tassellatura,Sfera,0
Spigolo,Tassellatura,0
Triangolo_isoscele,Rombo_(geometria),0
Perpendicolarit%C3%A0,Aquilone_(geometria),0
Funzione_trigonometrica,Geometria,1
Similitudine_(geometria),Distanza_(matematica),0
Teorema_di_Pitagora,Angolo,1
Retta,Triangolo,0
Diagonale,Poligono,1
Rettangolo,Similitudine_(geometria),0
Geometria,Traslazione_(geometria),0
Angolo,Ottagono,0
Quadrato,Bidimensionalit%C3%A0,0
Circonferenza,Perpendicolarit%C3%A0,0
Triangolo,Diametro,0
Simmetria,Auto_similarit%C3%A0,0
Quadrilatero,Segmento,1
Retta,Rotazione_(matematica),0
Triangolo,Congruenza_(geometria),0
Triangolo_equilatero,Teorema_di_Pitagora,0
Punto_medio,Asse_di_un_segmento,0
Triangolo,Teorema_della_bisettrice,0
Prisma,Rettangolo,0
Traslazione_(geometria),Simmetria,1
Poligono,Retta,1
Retta,Parallelismo_(geometria),0
Dodecagono,Bidimensionalit%C3%A0,0
Piramide_(geometria),Triangolo_isoscele,0
Pentagono,Segmento,1
Parallelogramma,Poligono,1
Pentagono,Quadrilatero,0
Congruenza_(geometria),Faccia_(geometria),0
Aquilone_(geometria),Poligono,1
Triangolo,Tangente_(geometria),0
Segmento,Decagono,0
Sistema_di_coordinate,Seno_(matematica),0
Angolo,Prisma,0
Arco_(geometria),Lunghezza_di_un_arco,0
Perpendicolarit%C3%A0,Piramide_(geometria),0
Tangente_(geometria),Segmento,1
Arco_(geometria),Circonferenza,1
Triangolo_rettangolo,Angolo,1
Segmento,Tangente_(geometria),0
Piramide_(geometria),Rombo_(geometria),0
Prisma,Angolo,1
Rettangolo,Parallelismo_(geometria),1
Retta,Poligono,0
Quadrilatero,Geometria,1
Quadrilatero,Punto_(geometria),1
Retta,Teorema_di_Pitagora,0
Piano_(geometria),Retta,0
Pendenza_topografica,Retta,1
Retta,Dodecagono,0
Punto_(geometria),Spigolo,0
Teorema_di_Pitagora,Angolo_retto,1
Ottagono,Geometria,1
Triangolo_equilatero,Tassellatura,0
Quadrato,Asse_di_un_segmento,0
Sistema_di_coordinate,Bidimensionalit%C3%A0,1
Triangolo_equilatero,Piramide_(geometria),0
Rettangolo,Circonferenza,0
Piano_(geometria),Sezione_(geometria_descrittiva),0
Quadrato,Vertice_(geometria),1
Triangolo,Asse_di_un_segmento,0
Triangolo,Sistema_di_riferimento_cartesiano,0
Poligono,Teorema_di_Pitagora,0
Segmento,Diametro,0
Parallelogramma,Diagonale,0
Punto_(geometria),Triangolo_rettangolo,0
Dodecagono,Spigolo,1
Angolo,Triangolo_rettangolo,0
Pentagono,Esagono,0
Faccia_(geometria),Segmento,0
Parallelismo_(geometria),Congruenza_(geometria),0
Poligono,Diagonale,0
Funzione_trigonometrica_inversa,Triangolo_rettangolo,0
Punto_medio,Triangolo,0
Seno_(matematica),Angolo,1
Tangente_(geometria),Geometria,1
Geometria,Piramide_(geometria),0
Sistema_di_riferimento_cartesiano,Sistema_di_coordinate,1
Geometria,Rotazione_(matematica),0
Faccia_(geometria),Prisma,0
Geometria,Faccia_(geometria),0
Prisma,Vertice_(geometria),1
Congruenza_(geometria),Angolo,1
Parallelogramma,Spigolo,1
Retta,Ennagono,0
Poligono,Triangolo,0
Funzione_trigonometrica,Poligono,1
Quadrato,Tassellatura,0
Pentagono,Bidimensionalit%C3%A0,0
Ettagono,Vertice_(geometria),1
Piramide_(geometria),Segmento,1
Similitudine_(geometria),Trapezio,0
Riflessione_(geometria),Bidimensionalit%C3%A0,0
Angolo_retto,Teorema_di_Pitagora,0
Retta,Spigolo,0
Quadrilatero,Circonferenza,0
Segmento,Ennagono,0
Retta,Seno_(matematica),0
Geometria,Pendenza_topografica,0
Congruenza_(geometria),Circonferenza,0
Funzione_trigonometrica_inversa,Funzione_trigonometrica,1
Funzione_trigonometrica,Spigolo,1
Punto_(geometria),Coefficiente_angolare,0
Circonferenza,Arco_(geometria),0
Corda_(geometria),Geometria,1
Vertice_(geometria),Aquilone_(geometria),0
Circonferenza,Teorema_di_Pitagora,0
Sistema_di_coordinate,Punto_(geometria),1
Segmento,Endecagono,0
Decagono,Geometria,1
Geometria,Diametro,0
Poligono,Triangolo_equilatero,0
Spigolo,Segmento,1
Punto_(geometria),Disuguaglianza_triangolare,0
Quadrato,Quadrilatero,1
Disuguaglianza_triangolare,Cono,0
Trapezio,Angolo,1
Geometria,Teorema_della_bisettrice,0
Spigolo,Poliedro,0
Ettagono,Angolo,1
Rettangolo,Parallelogramma,1
Raggio_(geometria),Circonferenza,1
Quadrilatero,Diagonale,0
Coefficiente_angolare,Pendenza_topografica,0
Cono,Poligono,0
Sistema_di_coordinate,Sfera,0
Rettangolo,Angolo,1
Teorema_di_Pitagora,Triangolo,1
Sfera,Geometria,1
Geometria,Vertice_(geometria),0
Angolo,Ennagono,0
Spigolo,Quadrilatero,0
Angolo,Dodecagono,0
Collinearit%C3%A0,Esagono,0
Rombo_(geometria),Parallelismo_(geometria),1
Terna_pitagorica,Triangolo,1
Geometria,Lunghezza_di_un_arco,0
Poligono,Sfera,0
Endecagono,Angolo,1
Triangolo_equilatero,Triangolo_rettangolo,0
Secante_(geometria),Punto_(geometria),1
Segmento,Angolo,0
Prisma,Sezione_(geometria_descrittiva),0
Geometria,Sistema_di_coordinate,0
Triangolo,Rettangolo,0
Funzione_trigonometrica_inversa,Retta,1
Asse_di_un_segmento,Collinearit%C3%A0,0
Prisma,Punto_(geometria),1
Parallelogramma,Distanza_(matematica),0
Arco_(geometria),Angolo,0
Retta,Pendenza_topografica,0
Triangolo_rettangolo,Distanza_(matematica),0
Quadrilatero,Tangente_(geometria),0
Poligono,Geometria,1
Rettangolo,Punto_medio,0
Triangolo_isoscele,Aquilone_(geometria),0
Punto_(geometria),Triangolo,0
Funzione_trigonometrica_inversa,Poligono,1
Faccia_(geometria),Poliedro,0
Poligono,Ettagono,0
Poligono_stellato,Esagono,0
Congruenza_(geometria),Seno_(matematica),0
Geometria,Sezione_(geometria_descrittiva),0
Triangolo_rettangolo,Aquilone_(geometria),0
Diagonale,Vertice_(geometria),1
Geometria,Triangolo_rettangolo,0
Punto_medio,Poligono,0
Diagonale,Segmento,1
Rettangolo,Tassellatura,0
Funzione_trigonometrica,Triangolo,1
Spigolo,Dodecagono,0
Diametro,Punto_medio,0
Triangolo,Retta,1
Seno_(matematica),Triangolo,1
Perpendicolarit%C3%A0,Asse_di_un_segmento,0
Funzione_trigonometrica,Raggio_(geometria),0
Retta,Punto_(geometria),1
Quadrilatero,Trapezio,0
Riflessione_(geometria),Perpendicolarit%C3%A0,0
Punto_(geometria),Perpendicolarit%C3%A0,0
Spigolo,Geometria,1
Punto_(geometria),Ettagono,0
Vertice_(geometria),Dodecagono,0
Retta,Coefficiente_angolare,0
Trapezio,Punto_(geometria),1
Pentagono,Poligono_stellato,0
Parallelogramma,Geometria,1
Teorema_della_bisettrice,Angolo,1
Aquilone_(geometria),Geometria,1
Poligono,Decagono,0
Triangolo,Punto_medio,0
Sistema_di_riferimento_cartesiano,Piano_(geometria),1
Quadrilatero,Asse_di_un_segmento,0
Angolo,Pendenza_topografica,0
Punto_(geometria),Pendenza_topografica,0
Triangolo_rettangolo,Quadrato,0
Circonferenza,Lunghezza_di_un_arco,0
Disuguaglianza_triangolare,Poligono,1
Esagono,Poligono,1
Prisma,Faccia_(geometria),1
Punto_(geometria),Teorema_di_Pitagora,0
Spigolo,Piramide_(geometria),0
Segmento,Poligono_stellato,0
Simmetria,Rotazione_(matematica),0
Angolo,Rombo_(geometria),0
Terna_pitagorica,Spigolo,1
Punto_medio,Geometria,1
Punto_medio,Vertice_(geometria),0
Asse_di_un_segmento,Circonferenza,0
Rettangolo,Geometria,1
Bidimensionalit%C3%A0,Esagono,0
Angolo,Diametro,0
Geometria,Collinearit%C3%A0,0
Diagonale,Retta,1
Punto_medio,Distanza_(matematica),0
Retta,Perpendicolarit%C3%A0,0
Punto_(geometria),Angolo_retto,0
Perpendicolarit%C3%A0,Diagonale,0
Punto_medio,Circonferenza,0
Tassellatura,Simmetria,0
Tangente_(geometria),Pendenza_topografica,0
Parallelogramma,Triangolo,0
Retta,Endecagono,0
Faccia_(geometria),Geometria,1
Rotazione_(matematica),Traslazione_(geometria),0
Ottagono,Vertice_(geometria),1
Segmento,Corda_(geometria),0
Triangolo,Vertice_(geometria),1
Triangolo_equilatero,Esagono,0
Geometria,Ennagono,0
Triangolo,Quadrilatero,0
Parallelismo_(geometria),Sfera,0
Poligono,Funzione_trigonometrica,0
Segmento,Seno_(matematica),0
Angolo,Aquilone_(geometria),0
Lunghezza_di_un_arco,Angolo,0
Bidimensionalit%C3%A0,Sistema_di_riferimento_cartesiano,0
Spigolo,Prisma,0
Triangolo_equilatero,Spigolo,1
Vertice_(geometria),Ottagono,0
Coefficiente_angolare,Seno_(matematica),0
Quadrato,Distanza_(matematica),0
Distanza_(matematica),Parallelismo_(geometria),0
Riflessione_(geometria),Distanza_(matematica),0
Terna_pitagorica,Punto_(geometria),1
Poligono,Disuguaglianza_triangolare,0
Collinearit%C3%A0,Circonferenza,0
Rombo_(geometria),Punto_(geometria),1
Geometria,Poliedro,0
Endecagono,Punto_(geometria),1
Ennagono,Spigolo,1
Pendenza_topografica,Coefficiente_angolare,1
Rotazione_(matematica),Circonferenza,0
Diagonale,Rettangolo,0
Quadrilatero,Aquilone_(geometria),0
Geometria,Corda_(geometria),0
Corda_(geometria),Segmento,1
Corda_(geometria),Circonferenza,1
Simmetria,Riflessione_(geometria),0
Diametro,Circonferenza,1
Triangolo_rettangolo,Teorema_di_Pitagora,0
Simmetria,Asse_di_un_segmento,0
Tassellatura,Geometria,1
Retta,Poligono_stellato,0
Triangolo_rettangolo,Rettangolo,0
Geometria,Ettagono,0
Angolo,Piramide_(geometria),0
Ettagono,Retta,1
Arco_(geometria),Asse_di_un_segmento,0
Coefficiente_angolare,Angolo,0
Cono,Circonferenza,1
Aquilone_(geometria),Segmento,1
Teorema_della_bisettrice,Vertice_(geometria),1
Corda_(geometria),Lunghezza_di_un_arco,0
Parallelismo_(geometria),Rettangolo,0
Dodecagono,Poligono_stellato,0
Ottagono,Poligono,1
Perpendicolarit%C3%A0,Piano_(geometria),0
Segmento,Parallelogramma,0
Poligono,Teorema_della_bisettrice,0
Punto_medio,Perpendicolarit%C3%A0,0
Riflessione_(geometria),Rotazione_(matematica),1
Triangolo_isoscele,Punto_(geometria),1
Asse_di_un_segmento,Aquilone_(geometria),0
Perpendicolarit%C3%A0,Triangolo_rettangolo,0
Diagonale,Rombo_(geometria),0
Segmento,Quadrato,0
Punto_(geometria),Prisma,0
Teorema_di_Pitagora,Geometria,1
Triangolo_isoscele,Retta,1
Vertice_(geometria),Sfera,0
Parallelogramma,Punto_(geometria),1
Lunghezza_di_un_arco,Poligono,0
Trapezio,Triangolo,0
Seno_(matematica),Vertice_(geometria),1
Poligono,Congruenza_(geometria),0
Segmento,Diagonale,0
Piramide_(geometria),Punto_(geometria),1
Spigolo,Parallelogramma,0
Angolo,Pentagono,0
Piramide_(geometria),Poligono,1
Punto_medio,Simmetria,0
Punto_(geometria),Funzione_trigonometrica,0
Perpendicolarit%C3%A0,Punto_(geometria),1
Triangolo_rettangolo,Asse_di_un_segmento,0
Perpendicolarit%C3%A0,Geometria,1
Raggio_(geometria),Perpendicolarit%C3%A0,0
Rombo_(geometria),Poliedro,0
Teorema_della_bisettrice,Asse_di_un_segmento,1
Segmento,Disuguaglianza_triangolare,0
Poliedro,Poligono_stellato,0
Parallelogramma,Quadrato,0
Triangolo_rettangolo,Spigolo,1
Geometria,Distanza_(matematica),0
Segmento,Punto_medio,0
Triangolo,Rombo_(geometria),0
Segmento,Lunghezza_di_un_arco,0
Poligono_stellato,Poligono,1
Decagono,Vertice_(geometria),1
Bidimensionalit%C3%A0,Triangolo_equilatero,0
Funzione_trigonometrica_inversa,Seno_(matematica),1
Funzione_trigonometrica_inversa,Vertice_(geometria),1
Aquilone_(geometria),Rettangolo,0
Trapezio,Diagonale,0
Triangolo_equilatero,Punto_(geometria),1
Poligono,Tangente_(geometria),0
Vertice_(geometria),Tangente_(geometria),0
Triangolo,Segmento,1
Parallelogramma,Punto_medio,0
Simmetria,Circonferenza,0
Sistema_di_coordinate,Raggio_(geometria),0
Vertice_(geometria),Rombo_(geometria),0
Traslazione_(geometria),Geometria,1
Lunghezza_di_un_arco,Sfera,0
Funzione_trigonometrica_inversa,Circonferenza,0
Poligono,Seno_(matematica),0
Segmento,Circonferenza,0
Esagono,Retta,1
Collinearit%C3%A0,Retta,1
Ennagono,Poligono,1
Asse_di_un_segmento,Geometria,1
Poliedro,Sfera,0
Angolo,Parallelogramma,0
Piramide_(geometria),Vertice_(geometria),1
Disuguaglianza_triangolare,Punto_(geometria),1
Rombo_(geometria),Angolo,1
Esagono,Punto_(geometria),1
Spigolo,Triangolo_equilatero,0
Coefficiente_angolare,Funzione_trigonometrica,0
Funzione_trigonometrica,Secante_(geometria),0
Vertice_(geometria),Poliedro,0
Geometria,Triangolo_isoscele,0
Quadrato,Rombo_(geometria),0
Parallelogramma,Quadrilatero,1
Tangente_(geometria),Vertice_(geometria),1
Spigolo,Pentagono,0
Triangolo,Parallelogramma,0
Angolo,Punto_(geometria),1
Seno_(matematica),Funzione_trigonometrica_inversa,0
Diametro,Teorema_di_Pitagora,0
Retta,Asse_di_un_segmento,0
Parallelogramma,Vertice_(geometria),1
Poligono,Spigolo,1
Parallelismo_(geometria),Prisma,0
Asse_di_un_segmento,Angolo,1
Similitudine_(geometria),Geometria,1
Spigolo,Ennagono,0
