Campo_magnetico,Sistema_di_riferimento_inerziale,0
Accelerazione_di_gravit%C3%A0,Posizione,1
Energia,Pianeta,0
Energia_meccanica,Campo_gravitazionale,0
Fisica,Energia_potenziale_elettrica,0
Principi_della_dinamica,Motion_(disambigua),0
Legge_di_Snell,Indice_di_rifrazione,1
Legge_di_Hooke,Lavoro_(fisica),0
Accelerazione,Spostamento_(fisica),1
Fisica,Urto,0
Elettrone,Energia_meccanica,0
Massa_(fisica),Onda,0
Energia_potenziale,Interazione_gravitazionale,0
Indice_di_rifrazione,Campo_elettrico,0
Durezza,Elasticit%C3%A0_(meccanica),1
Effetto_fotoelettrico,Urto,0
Indice_di_rifrazione,Riflessione_(fisica),0
Onda_d%27urto_(fluidodinamica),Onda,1
Moto_parabolico,Interazione_gravitazionale,1
Sistema_di_riferimento_non_inerziale,Sistema_di_riferimento,1
Diffrazione,Campo_(fisica),0
Conduttore_elettrico,Spettro_elettromagnetico,0
Campo_magnetico,Velocit%C3%A0,0
Onda,Riflessione_(fisica),0
Energia,Urto,0
Intensit%C3%A0_acustica,Onda,0
Indice_di_rifrazione,Diffusione_ottica,0
Fisica,Rigidezza,0
Potenziale_elettrico,Joule,0
Temperatura,Fisica,0
Livello_energetico,Temperatura,0
Velocit%C3%A0,Effetto_Doppler,0
Radiazione_elettromagnetica,Velocit%C3%A0,0
Magnetismo,Corrente_elettrica,0
Potenziale_elettrico,Campo_magnetico,0
Legge_di_gravitazione_universale,Fisica,1
Posizione,Accelerazione,0
Indice_di_rifrazione,Onda,1
Fisica,Legge_di_Snell,0
Energia,Joule,0
Forza_elettromotrice,Differenza_di_potenziale_elettrico,1
Diffrazione,Diffusione_ottica,0
Capacit%C3%A0_elettrica,Coulomb,0
Isolante_elettrico,Differenza_di_potenziale_elettrico,0
Indice_di_rifrazione,Rifrazione,1
Magnetismo,Linea_di_campo,0
Livello_energetico,Energia,1
Distanza_(matematica),Microscopio_ottico,0
Urto_elastico,Energia_cinetica,1
Elettrostatica,Corrente_elettrica,0
Spostamento_(fisica),Massa_(fisica),0
Elettrone,Elettroscopio,0
Elettroscopio,Elettrostatica,0
Elettrone,Frequenza,0
Temperatura,Spettroscopia_di_assorbimento,0
Principi_della_dinamica,Urto,0
Laser,Spettroscopia_di_assorbimento,0
Lavoro_(fisica),Energia_potenziale,0
Differenza_di_potenziale_elettrico,Forza_elettromotrice,0
Spettroscopia_di_assorbimento,Lunghezza_d%27onda,1
Posizione,Forza,0
Accelerazione,Lavoro_(fisica),0
Riflessione_(fisica),Riflessione_interna_totale,0
Potenza_(fisica),Energia,1
Spettroscopia_di_assorbimento,Pianeta,0
Indice_di_rifrazione,Laser,0
Interazione_gravitazionale,Effetto_Doppler,0
Ampiezza,Effetto_Doppler,0
Onda,Tensione_(meccanica),0
Campo_gravitazionale_terrestre,Momento_meccanico,0
Accelerazione,Potenziale_elettrico,0
Lavoro_(fisica),Posizione,1
Spettro_elettromagnetico,Lunghezza_d%27onda,1
Spettro_di_emissione,Frequenza,1
Energia_potenziale,Potenza_(fisica),0
Riflessione_speculare,Onda,1
Energia,Potenza_(fisica),0
Riflessione_speculare,Vettore_(matematica),0
Elettrone,Spettroscopia_di_assorbimento,0
Riflessione_interna_totale,Luce,1
Plasticit%C3%A0_(fisica),Durezza,0
Fisica,Accelerazione_di_gravit%C3%A0,0
Livello_energetico,Fisica,1
Campo_magnetico,Magnete,1
Elasticit%C3%A0_(meccanica),Onda,0
Velocit%C3%A0_di_fase,Dispersione_ottica,0
Fisica,Lunghezza_d%27onda,0
Frattura_(meccanica),Resistenza_meccanica,0
Diffrazione,Onda,1
Caduta_libera,Spostamento_(fisica),1
Forza,Intensit%C3%A0_acustica,0
Lunghezza_d%27onda,Dispersione_ottica,0
Temperatura,Resistenza_elettrica,0
Campo_magnetico,Spettroscopia_di_assorbimento,0
Campo_(fisica),Pianeta,0
Urto_anelastico,Fisica,1
Energia,Intensit%C3%A0_acustica,0
Livello_energetico,Lunghezza_d%27onda,0
Radiazione_elettromagnetica,Magnete,1
Vettore_(matematica),Elettrostatica,0
Attrito,Legge_di_Hooke,0
Hertz,Velocit%C3%A0,0
Legge_di_gravitazione_universale,Costante_di_gravitazione_universale,0
Onda,Onda_trasversale,0
Laser,Effetto_Doppler,0
Accelerazione,Sistema_di_riferimento_non_inerziale,0
Campo_magnetico,Corrente_elettrica,1
Legge_di_gravitazione_universale,Campo_gravitazionale,0
Energia_potenziale,Momento_meccanico,0
Accelerazione_di_gravit%C3%A0,Forza,1
Caduta_libera,Fisica,1
Effetto_fotoelettrico,Energia_cinetica,0
Posizione,Moto_(fisica),0
Energia,Forza_elettromotrice,0
Dispersione_ottica,Luce,1
Principi_della_dinamica,Campo_gravitazionale_terrestre,0
Luce,Lunghezza_d%27onda,0
Forza,Plasticit%C3%A0_(fisica),0
Legge_di_gravitazione_universale,Chilogrammo,0
Effetto_Doppler,Fisica,1
Riflessione_interna_totale,Laser,0
Conduttore_elettrico,Metro,0
Telescopio,Riflessione_(fisica),0
Energia,Hertz,0
Magnete,Campo_elettrico,0
Lavoro_(fisica),Joule,0
Sistema_di_riferimento_non_inerziale,Moto_(fisica),1
Effetto_fotoelettrico,Hertz,0
Sistema_di_riferimento_inerziale,Urto,0
Forza_elettromotrice,Fisica,1
Ingrandimento,Telescopio_rifrattore,0
Forza,Moto_parabolico,0
Forza,Durezza,0
Legge_di_Snell,Velocit%C3%A0,0
Velocit%C3%A0,Urto_elastico,0
Potenza_(fisica),Chilogrammo,0
Campo_magnetico,Energia,0
Joule,Energia_meccanica,0
Massa_(fisica),Elettrone,0
Forza,Energia_potenziale,0
Campo_elettrico,Massa_(fisica),0
Indice_di_rifrazione,Temperatura,0
Linea_di_campo,Campo_magnetico,0
Principi_della_dinamica,Lavoro_(fisica),0
Equazione_del_moto,Moto_(fisica),1
Elettrostatica,Linea_di_campo,0
Diffrazione,Principio_di_Huygens-Fresnel,0
Forza,Elasticit%C3%A0_(meccanica),0
Energia,Energia_potenziale,0
Campo_elettrico,Coulomb,0
Campo_elettrico,Corrente_elettrica,0
Onda,Riflessione_interna_totale,0
Frequenza,Energia,0
Leva_(fisica),Lunghezza,0
Fisica,Mezzo_trasmissivo,0
Magnetismo,Lunghezza,0
Luce,Telescopio_rifrattore,0
Fisica,Onda_d%27urto_(fluidodinamica),0
Effetto_fotoelettrico,Radiazione_elettromagnetica,0
Isolante_elettrico,Hertz,0
Campo_magnetico,Differenza_di_potenziale_elettrico,0
Tensione_(meccanica),Massa_(fisica),0
Vettore_(matematica),Forza,0
Onda_stazionaria,Frequenza,1
Campo_magnetico,Isolante_elettrico,0
Ampiezza,Indice_di_rifrazione,0
Riflessione_speculare,Indice_di_rifrazione,0
Accelerazione_di_gravit%C3%A0,Pianeta,0
Distanza_(matematica),Caduta_libera,0
Accelerazione,Velocit%C3%A0,1
Velocit%C3%A0,Metro,0
Capacit%C3%A0_elettrica,Differenza_di_potenziale_elettrico,1
Indice_di_rifrazione,Massa_(fisica),0
Elettrostatica,Conduttore_elettrico,0
Boom_sonico,Fisica,1
Sistema_di_riferimento,Spettro_elettromagnetico,0
Condensatore_(elettrotecnica),Laser,0
Ohm,Coulomb,0
Campo_elettrico,Fisica,1
Campo_magnetico,Momento_meccanico,0
Fisica,Spostamento_(fisica),0
Onda,Energia,0
Condensatore_(elettrotecnica),Isolante_elettrico,0
Ottica_geometrica,Legge_di_Snell,0
Onda,Effetto_Doppler,0
Legge_di_Ohm,Differenza_di_potenziale_elettrico,1
Capacit%C3%A0_elettrica,Corrente_elettrica,0
Legge_di_Hooke,Rigidezza,0
Spettro_elettromagnetico,Campo_elettrico,1
Fisica,Spettro_di_emissione,0
Riflessione_interna_totale,Fisica,1
Legge_di_Snell,Moto_(fisica),1
Moto_(fisica),Energia,0
Energia,Boom_sonico,0
Campo_magnetico,Campo_gravitazionale_terrestre,0
Elettrone,Radiazione_elettromagnetica,0
Accelerazione,Momento_meccanico,0
Fisica,Campo_elettrico,0
Forza,Rigidezza,0
Distanza_(matematica),Campo_gravitazionale_terrestre,0
Potenziale_elettrico,Forza,1
Carica_elettrica,Capacit%C3%A0_elettrica,0
Attrito,Massa_(fisica),0
Urto_elastico,Fisica,1
Caduta_libera,Campo_gravitazionale,0
Energia,Laser,0
Campo_elettrico,Lunghezza_d%27onda,0
Elasticit%C3%A0_(meccanica),Durezza,0
Forza,Urto_elastico,0
Rifrazione,Spettroscopia_di_assorbimento,0
Rifrazione,Spettro_elettromagnetico,0
Energia_potenziale_elettrica,Campo_(fisica),1
Forza_di_Coulomb,Isolante_elettrico,0
Moto_parabolico,Velocit%C3%A0,1
Elettrone,Distanza_(matematica),0
Campo_gravitazionale_terrestre,Forza,1
Campo_magnetico,Energia_potenziale,0
Campo_elettrico,Forza,0
Fisica,Onda,0
Indice_di_rifrazione,Legge_di_Snell,0
Ampiezza,Principio_di_Huygens-Fresnel,0
Moto_(fisica),Elettrostatica,0
Accelerazione,Campo_(fisica),0
Diffusione_ottica,Velocit%C3%A0,0
Elettrone,Riflessione_speculare,0
Onda_stazionaria,Differenza_di_potenziale_elettrico,0
Effetto_Doppler,Lunghezza_d%27onda,1
Diffrazione,Dispersione_ottica,0
Urto_anelastico,Urto_elastico,0
Magnetismo,Coulomb,0
Accelerazione_di_gravit%C3%A0,Interazione_gravitazionale,1
Indice_di_rifrazione,Telescopio,0
Energia,Energia_meccanica,0
Urto_elastico,Energia,1
Massa_(fisica),Distanza_(matematica),0
Equazione_del_moto,Campo_(fisica),0
Spostamento_(fisica),Lavoro_(fisica),0
Energia_cinetica,Energia_meccanica,0
Campo_gravitazionale,Legge_di_gravitazione_universale,1
Velocit%C3%A0,Onda,0
Interazione_gravitazionale,Accelerazione_di_gravit%C3%A0,0
Energia_potenziale,Vettore_(matematica),1
Onda,Elasticit%C3%A0_(meccanica),0
Altezza_(acustica),Hertz,0
Effetto_Doppler,Frequenza,1
Elettrone,Elettrostatica,0
Potenziale_elettrico,Forza_di_Coulomb,1
Vettore_(matematica),Accelerazione_di_gravit%C3%A0,0
Frequenza,Effetto_Doppler,0
Frattura_(meccanica),Elasticit%C3%A0_(meccanica),0
Temperatura,Chilogrammo,0
Distanza_(matematica),Urto_elastico,0
Accelerazione_di_gravit%C3%A0,Moto_(fisica),1
Fisica,Effetto_Doppler,0
Energia_potenziale,Metro,0
Spostamento_(fisica),Distanza_(matematica),1
Spostamento_(fisica),Moto_parabolico,0
Potenziale_elettrico,Capacit%C3%A0_elettrica,0
Moto_(fisica),Principi_della_dinamica,0
Pigmento,Lunghezza_d%27onda,0
Onda,Fisica,1
Temperatura,Lunghezza_d%27onda,0
Onda,Spettro_elettromagnetico,0
Conduttore_elettrico,Corrente_elettrica,1
Moto_(fisica),Urto_elastico,0
Sistema_di_riferimento_inerziale,Velocit%C3%A0,0
Lavoro_(fisica),Elettrostatica,0
Forza,Magnete,0
Forza,Momento_meccanico,0
Spettroscopia_di_assorbimento,Energia,1
Moto_(fisica),Sistema_di_riferimento_inerziale,0
Capacit%C3%A0_elettrica,Distanza_(matematica),0
Forza_di_Coulomb,Spettro_di_emissione,0
Posizione,Caduta_libera,0
Onda_d%27urto_(fluidodinamica),Energia,1
Resistenza_elettrica,Energia,0
Moto_(fisica),Massa_(fisica),0
Magnete,Vettore_(matematica),0
Differenza_di_potenziale_elettrico,Corrente_elettrica,0
Legge_di_Snell,Luce,1
Magnetismo,Fisica,1
Forza,Scorrimento_viscoso,0
Isolante_elettrico,Velocit%C3%A0,0
Energia,Temperatura,0
Vettore_(matematica),Campo_gravitazionale_terrestre,0
Conduttore_elettrico,Elettroscopio,0
Resistenza_elettrica,Ohm,0
Ampiezza,Differenza_di_potenziale_elettrico,0
Energia,Isolante_elettrico,0
Onda,Massa_(fisica),0
Energia,Equazione_del_moto,0
Energia,Onda_trasversale,0
Magnete,Massa_(fisica),0
Energia,Elettrostatica,0
Accelerazione_di_gravit%C3%A0,Fisica,1
Interazione_gravitazionale,Fisica,1
Diffrazione,Riflessione_speculare,0
Moto_parabolico,Moto_(fisica),1
Energia_potenziale,Lavoro_(fisica),1
Moto_(fisica),Temperatura,0
Effetto_fotoelettrico,Colore,0
Energia_potenziale_elettrica,Coulomb,0
Riflessione_speculare,Rifrazione,0
Indice_di_rifrazione,Frequenza,0
Leva_(fisica),Energia,0
Radiazione_elettromagnetica,Laser,0
Spettro_di_emissione,Magnete,1
Legge_di_Snell,Telescopio,0
Velocit%C3%A0,Equazione_del_moto,0
Elettrone,Conduttore_elettrico,0
Energia,Livello_energetico,0
Rifrazione,Lunghezza,0
Joule,Coulomb,0
Isolante_elettrico,Forza_di_Coulomb,1
Magnetismo,Forza,1
Boom_sonico,Onda,1
Circuiti_in_serie_e_in_parallelo,Legge_di_Ohm,1
Onda,Frequenza,0
Scorrimento_viscoso,Forza,1
Telescopio,Microscopio_ottico,0
Rigidezza,Legge_di_Hooke,0
Ohm,Forza_elettromotrice,0
Energia_cinetica,Fisica,1
Elettrostatica,Campo_elettrico,1
Fisica,Spettro_elettromagnetico,0
Elettrone,Energia_potenziale,0
Diffusione_ottica,Lunghezza_d%27onda,1
Potenziale_elettrico,Moto_(fisica),1
Elettrostatica,Moto_(fisica),1
Spettro_di_emissione,Campo_magnetico,1
Forza,Spettro_di_emissione,0
Legge_di_Hooke,Massa_(fisica),0
Boom_sonico,Hertz,0
Effetto_fotoelettrico,Luce,1
Spostamento_(fisica),Caduta_libera,0
Forza,Elettrostatica,0
Elasticit%C3%A0_(meccanica),Energia,0
Energia,Spettro_di_emissione,0
Urto_elastico,Distanza_(matematica),1
Momento_meccanico,Leva_(fisica),1
Ampiezza,Distanza_(matematica),0
Tensione_(meccanica),Fisica,1
Colore,Dispersione_ottica,0
Fisica,Legge_di_gravitazione_universale,0
Diffrazione,Lunghezza_d%27onda,0
Costante_di_gravitazione_universale,Legge_di_gravitazione_universale,1
Moto_(fisica),Campo_gravitazionale_terrestre,0
Campo_(fisica),Isolante_elettrico,0
Campo_magnetico,Temperatura,0
Tensione_(meccanica),Compressione_(fisica),0
Potenziale_elettrico,Interazione_gravitazionale,0
Riflessione_speculare,Luce,1
Raggio_luminoso,Luce,1
Distanza_(matematica),Leva_(fisica),0
Forza,Lunghezza,0
Fisica,Indice_di_rifrazione,0
Indice_di_rifrazione,Colore,0
Riflessione_interna_totale,Onda,1
Riflessione_interna_totale,Riflessione_(fisica),1
Suono,Intensit%C3%A0_acustica,0
Momento_meccanico,Energia,0
Resistenza_elettrica,Metro,0
Campo_(fisica),Elettrostatica,0
Campo_gravitazionale_terrestre,Caduta_libera,0
Posizione,Potenziale_elettrico,0
Diffrazione,Onda_trasversale,0
Isolante_elettrico,Riflessione_(fisica),0
Forza,Urto_anelastico,0
Energia,Radiazione_elettromagnetica,0
Magnetismo,Campo_(fisica),0
Temperatura,Velocit%C3%A0,0
Elasticit%C3%A0_(meccanica),Resistenza_meccanica,0
Campo_gravitazionale_terrestre,Moto_(fisica),1
Spostamento_(fisica),Posizione,1
Campo_magnetico,Fisica,1
Specchio_curvo,Ottica_geometrica,0
Fisica,Urto_elastico,0
Onda,Dispersione_ottica,0
Distanza_(matematica),Fisica,0
Forza,Fatica_(scienza_dei_materiali),0
Massa_(fisica),Urto,0
Forza_elettromotrice,Campo_magnetico,1
Radiazione_elettromagnetica,Energia,1
Campo_elettrico,Onda,0
Campo_gravitazionale_terrestre,Legge_di_gravitazione_universale,0
Rifrazione,Legge_di_Snell,0
Isolante_elettrico,Energia,1
Intensit%C3%A0_acustica,Velocit%C3%A0,0
Radiazione_elettromagnetica,Onda_trasversale,0
Campo_gravitazionale,Massa_(fisica),1
Moto_(fisica),Forza,0
Isolante_elettrico,Fisica,1
Massa_(fisica),Campo_gravitazionale_terrestre,0
Voltmetro,Differenza_di_potenziale_elettrico,1
Mezzo_trasmissivo,Spettro_elettromagnetico,0
Onda_d%27urto_(fluidodinamica),Velocit%C3%A0,0
Campo_elettrico,Potenziale_elettrico,0
Posizione,Energia_potenziale_elettrica,0
Hertz,Chilogrammo,0
Elettrone,Campo_(fisica),0
Joule,Velocit%C3%A0,0
Isolatore,Isolante_elettrico,0
Massa_(fisica),Velocit%C3%A0,0
Forza,Direzione_(geometria),0
Urto_anelastico,Massa_(fisica),1
Spettro_elettromagnetico,Forza_di_Coulomb,1
Legge_di_Snell,Lunghezza_d%27onda,1
Magnete,Forza,0
Fisica,Energia,0
Massa_(fisica),Spettroscopia_di_assorbimento,0
Accelerazione,Energia,0
Joule,Momento_meccanico,0
Intensit%C3%A0_acustica,Fisica,1
Velocit%C3%A0,Lunghezza,0
Velocit%C3%A0,Energia_meccanica,0
Ampiezza,Spettro_elettromagnetico,0
Onda_stazionaria,Ampiezza,1
Elettrone,Isolante_elettrico,0
Telescopio_rifrattore,Rifrazione,1
Dispersione_ottica,Telescopio_rifrattore,0
Differenza_di_potenziale_elettrico,Potenza_(fisica),0
Equazione_del_moto,Lunghezza,0
Corrente_elettrica,Resistenza_elettrica,0
Spettro_di_emissione,Corrente_elettrica,1
Ampiezza,Resistenza_elettrica,0
Distanza_(matematica),Equazione_del_moto,0
Spettroscopia_di_assorbimento,Spettro_elettromagnetico,0
Resistenza_elettrica,Legge_di_Ohm,1
Moto_(fisica),Potenza_(fisica),0
Lunghezza_d%27onda,Effetto_Doppler,0
Onda,Lunghezza,0
Telescopio,Radiazione_elettromagnetica,0
Specchio_curvo,Riflessione_(fisica),0
Differenza_di_potenziale_elettrico,Coulomb,0
Fisica,Durezza,0
Vettore_(matematica),Sistema_di_riferimento_inerziale,0
Differenza_di_potenziale_elettrico,Resistenza_elettrica,0
Distanza_(matematica),Effetto_Doppler,0
Forza_di_Coulomb,Campo_elettrico,0
Radiazione_elettromagnetica,Dispersione_ottica,0
Spostamento_(fisica),Energia_potenziale,0
Equazione_del_moto,Forza,1
Attrito,Fisica,1
Accelerazione_di_gravit%C3%A0,Spostamento_(fisica),1
Spettro_elettromagnetico,Riflessione_(fisica),0
Elettrone,Indice_di_rifrazione,0
Potenziale_elettrico,Campo_gravitazionale,0
Forza_di_Coulomb,Energia_potenziale_elettrica,0
Magnete,Spettro_elettromagnetico,0
Plasticit%C3%A0_(fisica),Legge_di_Hooke,0
Legge_di_Snell,Riflessione_interna_totale,0
Fisica,Diffrazione,0
Forza_elettromotrice,Joule,0
Riflessione_interna_totale,Rifrazione,1
Campo_magnetico,Coulomb,0
Boom_sonico,Massa_(fisica),0
Costante_di_gravitazione_universale,Fisica,1
Equazione_del_moto,Momento_meccanico,0
Spettro_elettromagnetico,Metro,0
Moto_(fisica),Accelerazione,0
Effetto_Doppler,Onda,1
Campo_elettrico,Energia_potenziale_elettrica,0
Campo_magnetico,Hertz,0
Capacit%C3%A0_elettrica,Energia,0
Onda,Isolante_elettrico,0
Forza,Chilogrammo,0
Onda_d%27urto_(fluidodinamica),Forza,0
Moto_(fisica),Velocit%C3%A0,0
Caduta_libera,Accelerazione_di_gravit%C3%A0,1
Legge_di_Hooke,Distanza_(matematica),0
Onda_trasversale,Fisica,1
Campo_(fisica),Spettro_di_emissione,0
Indice_di_rifrazione,Lunghezza_d%27onda,0
Elettrone,Dispersione_ottica,0
Radiazione_elettromagnetica,Campo_magnetico,1
Accelerazione,Radiazione_elettromagnetica,0
Magnete,Lunghezza,0
Energia_meccanica,Posizione,1
Vettore_(matematica),Caduta_libera,0
Differenza_di_potenziale_elettrico,Potenziale_elettrico,0
Principi_della_dinamica,Legge_di_gravitazione_universale,0
Accelerazione,Direzione_(geometria),0
Effetto_fotoelettrico,Differenza_di_potenziale_elettrico,0
Forza,Fisica,1
Energia,Spettroscopia_di_assorbimento,0
Fisica,Potenziale_elettrico,0
Interazione_gravitazionale,Forza,1
Urto_anelastico,Velocit%C3%A0,0
Boom_sonico,Suono,1
Forza_di_Coulomb,Spettro_elettromagnetico,0
Energia,Fisica,1
Campo_gravitazionale,Distanza_(matematica),1
Fisica,Moto_parabolico,0
Potenza_(fisica),Velocit%C3%A0,0
Campo_gravitazionale_terrestre,Chilogrammo,0
Legge_di_Hooke,Onda,0
Accelerazione,Legge_di_gravitazione_universale,0
Energia_cinetica,Forza,0
Magnete,Resistenza_elettrica,0
Energia,Moto_parabolico,0
Moto_(fisica),Magnetismo,0
Momento_meccanico,Distanza_(matematica),0
Resistenza_meccanica,Forza,1
Energia_potenziale_elettrica,Energia,1
Spostamento_(fisica),Velocit%C3%A0,0
Magnete,Campo_(fisica),0
Differenza_di_potenziale_elettrico,Voltmetro,0
Diffrazione,Microscopio_ottico,0
Energia,Energia_potenziale_elettrica,0
Ampiezza,Potenza_(fisica),0
Laser,Potenza_(fisica),0
Distanza_(matematica),Energia_potenziale_elettrica,0
Momento_meccanico,Lunghezza,0
Moto_parabolico,Vettore_(matematica),1
Elettroscopio,Capacit%C3%A0_elettrica,0
Dispersione_ottica,Velocit%C3%A0_di_fase,1
Campo_gravitazionale_terrestre,Fisica,1
Effetto_fotoelettrico,Campo_elettrico,0
Livello_energetico,Energia_potenziale,0
Fisica,Sistema_di_riferimento_non_inerziale,0
Luce,Hertz,0
Elasticit%C3%A0_(meccanica),Legge_di_Hooke,0
Riflessione_(fisica),Lunghezza_d%27onda,0
Joule,Potenza_(fisica),0
Riflessione_speculare,Lunghezza_d%27onda,0
Radiazione_elettromagnetica,Metro,0
Magnetismo,Elettrone,0
Urto,Pianeta,0
Accelerazione_di_gravit%C3%A0,Sistema_di_riferimento_inerziale,0
Attrito,Velocit%C3%A0,0
Elettrone,Riflessione_(fisica),0
Temperatura,Magnetismo,0
Elettrone,Chilogrammo,0
Energia_potenziale,Energia_potenziale_elettrica,0
Caduta_libera,Metro,0
Forza_elettromotrice,Voltmetro,0
Attrito,Coulomb,0
Onda,Elettrone,0
Lavoro_(fisica),Pianeta,0
Legge_di_gravitazione_universale,Velocit%C3%A0,0
Energia,Lunghezza_d%27onda,0
Caduta_libera,Pianeta,0
Telescopio,Pianeta,0
Legge_di_Hooke,Lunghezza,1
Posizione,Energia_potenziale,0
Spettro_elettromagnetico,Campo_magnetico,1
Energia_potenziale,Energia,1
Elettrostatica,Vettore_(matematica),1
Elettrostatica,Energia_potenziale_elettrica,1
Spostamento_(fisica),Elettrostatica,0
Forza,Energia_meccanica,0
Differenza_di_potenziale_elettrico,Campo_elettrico,0
Elettrostatica,Forza_di_Coulomb,1
Accelerazione_di_gravit%C3%A0,Vettore_(matematica),1
Isolante_elettrico,Frequenza,0
Potenziale_elettrico,Elettroscopio,0
Onda_d%27urto_(fluidodinamica),Campo_magnetico,0
Legge_di_Hooke,Isolante_elettrico,0
Fisica,Moto_(fisica),0
Legge_di_gravitazione_universale,Caduta_libera,0
Massa_(fisica),Urto_elastico,0
Elettrone,Spettro_elettromagnetico,0
Accelerazione,Moto_(fisica),1
Interazione_gravitazionale,Campo_gravitazionale,0
Luce,Riflessione_(fisica),0
Magnetismo,Campo_magnetico,0
Livello_energetico,Spettro_di_emissione,0
Fisica,Leva_(fisica),0
Energia,Tensione_(meccanica),0
Energia_cinetica,Urto_elastico,0
Lunghezza_d%27onda,Diffusione_ottica,0
Capacit%C3%A0_elettrica,Lunghezza,0
Livello_energetico,Spettroscopia_di_assorbimento,0
Accelerazione,Effetto_fotoelettrico,0
Resistenza_meccanica,Durezza,0
Onda,Forza,0
Attrito,Elettrone,0
Radiazione_elettromagnetica,Campo_elettrico,1
Distanza_(matematica),Potenziale_elettrico,0
Campo_gravitazionale_terrestre,Vettore_(matematica),1
Legge_di_Snell,Onda,1
Raggio_luminoso,Legge_di_Snell,0
Spostamento_(fisica),Fisica,1
Velocit%C3%A0,Campo_gravitazionale_terrestre,0
Telescopio_rifrattore,Onda,1
Posizione,Vettore_(matematica),1
Legge_di_Hooke,Momento_meccanico,0
Campo_(fisica),Forza_elettromotrice,0
Accelerazione_di_gravit%C3%A0,Energia,0
Sistema_di_riferimento_inerziale,Fisica,1
Pigmento,Colore,1
Magnetismo,Capacit%C3%A0_elettrica,0
Lunghezza_d%27onda,Legge_di_Snell,0
Vettore_(matematica),Posizione,0
Distanza_(matematica),Accelerazione,0
Energia_potenziale_elettrica,Forza,1
Energia_potenziale_elettrica,Potenziale_elettrico,0
Elettrone,Forza_elettromotrice,0
Durezza,Chilogrammo,0
Conduttore_elettrico,Resistenza_elettrica,0
Urto_elastico,Urto,1
Fisica,Riflessione_(fisica),0
Legge_di_gravitazione_universale,Campo_elettrico,0
Spettro_di_emissione,Lunghezza_d%27onda,1
Legge_di_Snell,Raggio_luminoso,1
Intensit%C3%A0_acustica,Distanza_(matematica),0
Attrito,Forza,1
Attrito,Durezza,0
Mezzo_trasmissivo,Onda,1
Campo_magnetico,Massa_(fisica),0
Forza,Tensione_(meccanica),0
Elettrone,Linea_di_campo,0
Luce,Effetto_fotoelettrico,0
Energia,Urto_elastico,0
Attrito,Temperatura,0
Momento_meccanico,Interazione_gravitazionale,0
Condensatore_(elettrotecnica),Isolatore,0
Potenza_(fisica),Fisica,1
Corrente_elettrica,Radiazione_elettromagnetica,0
Frattura_(meccanica),Durezza,0
Forza_elettromotrice,Forza,1
Campo_magnetico,Onda,0
Onda,Moto_(fisica),0
Velocit%C3%A0,Lavoro_(fisica),0
Attrito,Momento_meccanico,0
Ampiezza,Onda_stazionaria,0
Spettro_elettromagnetico,Onda,1
Fisica,Radiazione_elettromagnetica,0
Forza_di_Coulomb,Coulomb,0
Isolante_elettrico,Spettro_elettromagnetico,0
Elettrostatica,Energia,1
Onda,Magnete,0
Energia,Scorrimento_viscoso,0
Forza_elettromotrice,Magnete,1
Elettrostatica,Lavoro_(fisica),1
Campo_elettrico,Forza_di_Coulomb,1
Frequenza,Legge_di_Hooke,0
Fisica,Conduttore_elettrico,0
Onda,Effetto_fotoelettrico,0
Elettroscopio,Forza_di_Coulomb,0
Energia,Massa_(fisica),0
Raggio_luminoso,Diffrazione,0
Frequenza,Metro,0
Moto_(fisica),Energia_meccanica,0
Lunghezza_d%27onda,Spettroscopia_di_assorbimento,0
Massa_(fisica),Lunghezza_d%27onda,0
Moto_(fisica),Moto_parabolico,0
Onda_d%27urto_(fluidodinamica),Fisica,1
Energia,Dispersione_ottica,0
Fisica,Attrito,0
Riflessione_speculare,Fisica,1
Spettro_elettromagnetico,Forza,1
Moto_parabolico,Posizione,1
Forza_elettromotrice,Potenziale_elettrico,0
Energia_meccanica,Spostamento_(fisica),1
Ohm,Velocit%C3%A0,0
Interazione_gravitazionale,Costante_di_gravitazione_universale,0
Distanza_(matematica),Costante_di_gravitazione_universale,0
Onda,Spettroscopia_di_assorbimento,0
Spettro_elettromagnetico,Radiazione_elettromagnetica,1
Forza,Campo_gravitazionale_terrestre,0
Massa_(fisica),Chilogrammo,0
Accelerazione,Caduta_libera,0
Forza_elettromotrice,Energia,1
Elettrone,Spettro_di_emissione,0
Elettrone,Capacit%C3%A0_elettrica,0
Distanza_(matematica),Lunghezza,0
Forza,Leva_(fisica),0
Spostamento_(fisica),Accelerazione,0
Spettro_di_emissione,Campo_(fisica),1
Energia,Magnete,0
Campo_magnetico,Spettro_elettromagnetico,0
Elettrostatica,Forza,1
Ampiezza,Frequenza,0
Riflessione_speculare,Raggio_luminoso,1
Equazione_del_moto,Spostamento_(fisica),1
Differenza_di_potenziale_elettrico,Ohm,0
Fisica,Onda_trasversale,0
Elettroscopio,Differenza_di_potenziale_elettrico,0
Fisica,Isolante_elettrico,0
Caduta_libera,Vettore_(matematica),1
Spettro_di_emissione,Urto,0
Forza_elettromotrice,Resistenza_elettrica,0
Elettrone,Joule,0
Caduta_libera,Moto_(fisica),1
Onda,Telescopio_rifrattore,0
Spostamento_(fisica),Equazione_del_moto,0
Accelerazione,Fisica,1
Moto_(fisica),Distanza_(matematica),0
Linea_di_campo,Forza_di_Coulomb,0
Effetto_fotoelettrico,Elettroscopio,0
Plasticit%C3%A0_(fisica),Elasticit%C3%A0_(meccanica),0
Rifrazione,Raggio_luminoso,0
Forza,Moto_(fisica),0
Diffusione_ottica,Fisica,1
Rifrazione,Onda,1
Riflessione_(fisica),Fisica,1
Scorrimento_viscoso,Temperatura,0
Legge_di_Hooke,Elasticit%C3%A0_(meccanica),1
Diffusione_ottica,Urto,0
Equazione_del_moto,Campo_gravitazionale,0
Lavoro_(fisica),Energia_cinetica,0
Rifrazione,Riflessione_(fisica),0
Energia_cinetica,Velocit%C3%A0,0
Energia,Campo_(fisica),0
Elettrone,Moto_(fisica),0
Campo_(fisica),Campo_magnetico,0
Ohm,Chilogrammo,0
Sistema_di_riferimento,Moto_(fisica),1
Isolante_elettrico,Temperatura,0
Legge_di_Hooke,Temperatura,0
Vettore_(matematica),Moto_parabolico,0
Radiazione_elettromagnetica,Temperatura,0
Posizione,Grandezza_fisica,0
Frattura_(meccanica),Magnete,0
Elasticit%C3%A0_(meccanica),Forza,1
Spettroscopia_di_assorbimento,Frequenza,1
Interazione_gravitazionale,Accelerazione,0
Massa_(fisica),Accelerazione_di_gravit%C3%A0,0
Equazione_del_moto,Velocit%C3%A0,1
Corrente_elettrica,Campo_magnetico,0
Forza,Magnetismo,0
Energia_potenziale_elettrica,Spostamento_(fisica),1
Forza,Interazione_gravitazionale,0
Spettro_elettromagnetico,Corrente_elettrica,1
Onda,Spettro_di_emissione,0
Conduttore_elettrico,Fisica,1
Joule,Energia_potenziale,0
Onda,Velocit%C3%A0,0
Spettro_di_emissione,Elettrone,1
Corrente_elettrica,Circuiti_in_serie_e_in_parallelo,0
Raggio_luminoso,Lunghezza_d%27onda,0
Leva_(fisica),Potenza_(fisica),0
Onda_trasversale,Onda,1
Sistema_di_riferimento,Sistema_di_riferimento_inerziale,0
Rifrazione,Telescopio_rifrattore,0
Vettore_(matematica),Lavoro_(fisica),0
Polo_(elettrotecnica),Forza,0
Elettrone,Diffusione_ottica,0
Spostamento_(fisica),Moto_(fisica),1
Forza,Corrente_elettrica,0
Distanza_(matematica),Spostamento_(fisica),0
Radiazione_elettromagnetica,Fisica,1
Joule,Chilogrammo,0
Raggio_luminoso,Riflessione_interna_totale,0
Onda,Legge_di_Snell,0
Urto_anelastico,Energia_cinetica,1
Onda,Mezzo_trasmissivo,0
Accelerazione,Moto_parabolico,0
Luce,Dispersione_ottica,0
Velocit%C3%A0,Pianeta,0
Lavoro_(fisica),Potenza_(fisica),0
Massa_(fisica),Moto_parabolico,0
Conduttore_elettrico,Isolatore,0
Energia_potenziale_elettrica,Elettrostatica,0
Attrito,Energia_potenziale,0
Durezza,Forza,1
Campo_elettrico,Spettroscopia_di_assorbimento,0
Fisica,Rifrazione,0
Fisica,Scorrimento_viscoso,0
Ottica_geometrica,Indice_di_rifrazione,0
Campo_magnetico,Pianeta,0
Legge_di_gravitazione_universale,Energia,0
Legge_di_Snell,Radiazione_elettromagnetica,0
Riflessione_(fisica),Onda,1
Accelerazione,Tensione_(meccanica),0
Forza,Resistenza_meccanica,0
Joule,Elettrostatica,0
Capacit%C3%A0_elettrica,Pianeta,0
Campo_magnetico,Metro,0
Legge_di_Snell,Riflessione_(fisica),0
Differenza_di_potenziale_elettrico,Hertz,0
Energia_potenziale,Velocit%C3%A0,0
Legge_di_Hooke,Fisica,1
Luce,Onda_trasversale,0
Resistenza_elettrica,Lunghezza,0
Energia,Elettrone,0
Onda,Hertz,0
Vettore_(matematica),Campo_(fisica),0
Moto_parabolico,Caduta_libera,0
Effetto_fotoelettrico,Ampiezza,0
Elettrostatica,Posizione,1
Spettro_di_emissione,Energia,1
Magnete,Temperatura,0
Elasticit%C3%A0_(meccanica),Temperatura,0
Capacit%C3%A0_elettrica,Energia_potenziale,0
Urto,Velocit%C3%A0,0
Luce,Microscopio_ottico,0
Forza,Potenza_(fisica),0
Energia_potenziale,Campo_gravitazionale,0
Fisica,Plasticit%C3%A0_(fisica),0
Campo_gravitazionale_terrestre,Velocit%C3%A0,1
Legge_di_Hooke,Chilogrammo,0
Raggio_luminoso,Riflessione_speculare,0
Sistema_di_riferimento_inerziale,Forza,0
Momento_meccanico,Velocit%C3%A0,0
Attrito,Lavoro_(fisica),0
Diffrazione,Indice_di_rifrazione,0
Moto_(fisica),Effetto_Doppler,0
Caduta_libera,Velocit%C3%A0,1
Indice_di_rifrazione,Radiazione_elettromagnetica,0
Ohm,Metro,0
Energia_potenziale_elettrica,Differenza_di_potenziale_elettrico,0
Campo_magnetico,Campo_elettrico,0
Isolante_elettrico,Riflessione_speculare,0
Campo_magnetico,Energia_meccanica,0
Energia_meccanica,Fisica,1
Fisica,Intensit%C3%A0_acustica,0
Massa_(fisica),Campo_(fisica),0
Frequenza,Lunghezza_d%27onda,0
Posizione,Massa_(fisica),0
Moto_parabolico,Fisica,1
Momento_meccanico,Potenza_(fisica),0
Radiazione_elettromagnetica,Forza_di_Coulomb,1
Ampiezza,Campo_elettrico,0
Radiazione_elettromagnetica,Corrente_elettrica,1
Posizione,Spostamento_(fisica),0
Energia,Effetto_fotoelettrico,0
Posizione,Distanza_(matematica),0
Legge_di_Hooke,Scorrimento_viscoso,0
Spettroscopia_di_assorbimento,Lunghezza,0
Energia_cinetica,Urto_anelastico,0
Velocit%C3%A0,Accelerazione_di_gravit%C3%A0,0
Sistema_di_riferimento_inerziale,Urto_elastico,0
Fisica,Sistema_di_riferimento,0
Magnete,Linea_di_campo,0
Legge_di_Hooke,Ampiezza,0
Forza_di_Coulomb,Potenziale_elettrico,0
Fisica,Elasticit%C3%A0_(meccanica),0
Legge_di_Ohm,Circuiti_in_serie_e_in_parallelo,0
Massa_(fisica),Energia_meccanica,0
Linea_di_campo,Massa_(fisica),0
Telescopio,Spettro_elettromagnetico,0
Principi_della_dinamica,Moto_(fisica),1
Indice_di_rifrazione,Microscopio_ottico,0
Sistema_di_riferimento_inerziale,Distanza_(matematica),1
Massa_(fisica),Caduta_libera,0
Corrente_elettrica,Spettro_elettromagnetico,0
Urto,Urto_anelastico,0
Radiazione_elettromagnetica,Differenza_di_potenziale_elettrico,0
Effetto_fotoelettrico,Fisica,1
Onda,Lunghezza_d%27onda,0
Magnete,Magnetismo,0
Temperatura,Forza,0
Accelerazione,Energia_potenziale,0
Resistenza_elettrica,Temperatura,0
Luce,Spettro_elettromagnetico,0
Onda_d%27urto_(fluidodinamica),Temperatura,0
Fisica,Energia_potenziale,0
Indice_di_rifrazione,Onda_trasversale,0
Frequenza,Spettroscopia_di_assorbimento,0
Campo_(fisica),Campo_gravitazionale,0
Onda,Campo_gravitazionale,0
Isolante_elettrico,Isolatore,1
Energia_potenziale,Fisica,1
Campo_elettrico,Radiazione_elettromagnetica,0
Potenziale_elettrico,Spostamento_(fisica),1
Spettro_elettromagnetico,Campo_(fisica),1
Boom_sonico,Onda_d%27urto_(fluidodinamica),0
Fisica,Effetto_fotoelettrico,0
Riflessione_speculare,Distanza_(matematica),0
Capacit%C3%A0_elettrica,Carica_elettrica,1
Energia,Distanza_(matematica),0
Energia,Campo_gravitazionale,0
Energia,Rifrazione,0
Indice_di_rifrazione,Dispersione_ottica,0
Campo_elettrico,Energia,1
Sistema_di_riferimento_non_inerziale,Forza,0
Spettro_elettromagnetico,Energia,1
Potenziale_elettrico,Campo_elettrico,1
Differenza_di_potenziale_elettrico,Energia,0
Forza_di_Coulomb,Radiazione_elettromagnetica,0
Campo_elettrico,Distanza_(matematica),0
Distanza_(matematica),Energia_potenziale,0
Spettro_di_emissione,Forza,1
Radiazione_elettromagnetica,Livello_energetico,0
Potenziale_elettrico,Vettore_(matematica),1
Tensione_(meccanica),Energia_potenziale,0
Differenza_di_potenziale_elettrico,Legge_di_Ohm,0
Leva_(fisica),Lavoro_(fisica),0
Lavoro_(fisica),Energia_meccanica,0
Lavoro_(fisica),Lunghezza,0
Ampiezza,Ottica_geometrica,0
Legge_di_Hooke,Tensione_(meccanica),0
Linea_di_campo,Campo_gravitazionale,0
Magnetismo,Differenza_di_potenziale_elettrico,0
Effetto_fotoelettrico,Spettro_elettromagnetico,0
Luce,Riflessione_interna_totale,0
Radiazione_elettromagnetica,Frequenza,0
Elettrostatica,Coulomb,0
Conduttore_elettrico,Capacit%C3%A0_elettrica,0
Lunghezza_d%27onda,Onda_stazionaria,0
Forza,Coulomb,0
Campo_gravitazionale,Forza,1
Onda,Riflessione_speculare,0
Accelerazione_di_gravit%C3%A0,Accelerazione,1
Direzione_(geometria),Distanza_(matematica),0
Fisica,Elettrostatica,0
Fisica,Magnetismo,0
Lunghezza_d%27onda,Spettro_di_emissione,0
Campo_magnetico,Equazione_del_moto,0
Frequenza,Spettro_di_emissione,0
Elasticit%C3%A0_(meccanica),Energia_potenziale,0
Potenziale_elettrico,Energia_potenziale,1
Laser,Fisica,0
Elettrone,Velocit%C3%A0,0
Direzione_(geometria),Vettore_(matematica),0
Corrente_elettrica,Isolatore,0
Fisica,Equazione_del_moto,0
Resistenza_meccanica,Fisica,1
Moto_(fisica),Potenziale_elettrico,0
Lavoro_(fisica),Chilogrammo,0
Urto,Urto_elastico,0
Energia_potenziale,Energia_cinetica,0
Fisica,Principi_della_dinamica,0
Energia_meccanica,Velocit%C3%A0,1
Capacit%C3%A0_elettrica,Forza,0
Forza_elettromotrice,Campo_(fisica),1
Diffusione_ottica,Energia,0
Linea_di_campo,Velocit%C3%A0,0
Fisica,Resistenza_meccanica,0
Fatica_(scienza_dei_materiali),Resistenza_meccanica,0
Leva_(fisica),Distanza_(matematica),0
Radiazione_elettromagnetica,Campo_(fisica),1
Differenza_di_potenziale_elettrico,Elettrone,0
Distanza_(matematica),Lavoro_(fisica),0
Rifrazione,Indice_di_rifrazione,0
Lunghezza_d%27onda,Ampiezza,0
Elasticit%C3%A0_(meccanica),Fatica_(scienza_dei_materiali),0
Forza_di_Coulomb,Forza,0
Energia_potenziale,Urto_elastico,0
Legge_di_gravitazione_universale,Forza_di_Coulomb,0
Joule,Differenza_di_potenziale_elettrico,0
Spettro_elettromagnetico,Lunghezza,0
Potenziale_elettrico,Massa_(fisica),0
Caduta_libera,Forza,1
Pigmento,Mescolanza_sottrattiva,0
Campo_gravitazionale,Interazione_gravitazionale,1
Resistenza_meccanica,Frattura_(meccanica),1
Urto,Distanza_(matematica),0
Energia_potenziale_elettrica,Forza_di_Coulomb,1
Potenziale_elettrico,Elettrone,0
Massa_(fisica),Pianeta,0
Energia_potenziale_elettrica,Vettore_(matematica),1
Indice_di_rifrazione,Lunghezza,0
Potenziale_elettrico,Energia_potenziale_elettrica,1
Campo_gravitazionale_terrestre,Massa_(fisica),1
Isolante_elettrico,Dispersione_ottica,0
Accelerazione,Distanza_(matematica),1
Onda,Boom_sonico,0
Diffrazione,Elettrone,0
Spostamento_(fisica),Vettore_(matematica),1
Linea_di_campo,Capacit%C3%A0_elettrica,0
Spostamento_(fisica),Energia_potenziale_elettrica,0
Rigidezza,Fisica,1
Ottica_geometrica,Diffrazione,0
Massa_(fisica),Coulomb,0
Urto,Fisica,1
Magnetismo,Energia,0
Indice_di_rifrazione,Energia,0
Principi_della_dinamica,Chilogrammo,0
Dispersione_ottica,Onda,1
Fisica,Urto_anelastico,0
Principi_della_dinamica,Forza,1
Fisica,Costante_di_gravitazione_universale,0
Plasticit%C3%A0_(fisica),Fatica_(scienza_dei_materiali),0
Attrito,Energia_meccanica,0
Moto_(fisica),Interazione_gravitazionale,0
Elettrostatica,Spostamento_(fisica),1
Caduta_libera,Distanza_(matematica),1
Indice_di_rifrazione,Riflessione_interna_totale,0
Differenza_di_potenziale_elettrico,Energia_potenziale,0
Onda,Equazione_del_moto,0
Principio_di_Huygens-Fresnel,Frequenza,0
Legge_di_gravitazione_universale,Massa_(fisica),0
Legge_di_Snell,Lunghezza,0
Campo_elettrico,Energia_potenziale,0
Elettrone,Energia,0
Radiazione_elettromagnetica,Spettro_elettromagnetico,0
Accelerazione,Chilogrammo,0
Fisica,Campo_magnetico,0
Moto_(fisica),Campo_(fisica),0
Accelerazione,Accelerazione_di_gravit%C3%A0,0
Accelerazione,Campo_magnetico,0
Moto_(fisica),Energia_potenziale_elettrica,0
Durezza,Rigidezza,0
Elettrone,Effetto_fotoelettrico,0
Elettrostatica,Fisica,1
Accelerazione_di_gravit%C3%A0,Energia_potenziale,0
Sistema_di_riferimento_non_inerziale,Sistema_di_riferimento_inerziale,0
Luce,Metro,0
Forza,Equazione_del_moto,0
Hertz,Lunghezza_d%27onda,0
Principio_di_Huygens-Fresnel,Lunghezza_d%27onda,0
Elettrone,Magnete,0
Effetto_Doppler,Moto_(fisica),1
Energia,Legge_di_Hooke,0
Attrito,Diagramma_di_corpo_libero,0
Elettrone,Urto_anelastico,0
Spettro_di_emissione,Massa_(fisica),0
Durezza,Resistenza_meccanica,1
Indice_di_rifrazione,Fisica,1
Dispersione_ottica,Velocit%C3%A0,0
Legge_di_Hooke,Energia,0
Ampiezza,Corrente_elettrica,0
Vettore_(matematica),Equazione_del_moto,0
Fisica,Tensione_(meccanica),0
Campo_gravitazionale_terrestre,Sistema_di_riferimento_non_inerziale,0
Forza,Potenziale_elettrico,0
Moto_(fisica),Indice_di_rifrazione,0
Urto_elastico,Energia_potenziale,0
Differenza_di_potenziale_elettrico,Elettrostatica,0
Campo_magnetico,Elettrostatica,0
Elettrone,Resistenza_elettrica,0
Hertz,Frequenza,1
Spostamento_(fisica),Energia_meccanica,0
Energia,Campo_elettrico,0
Onda,Diffusione_ottica,0
Energia_potenziale,Forza,1
Massa_(fisica),Fisica,1
Campo_magnetico,Spettro_di_emissione,0
Fisica,Boom_sonico,0
Campo_elettrico,Elettroscopio,0
Isolante_elettrico,Momento_meccanico,0
Attrito,Leva_(fisica),0
Rifrazione,Diffrazione,0
Fisica,Dispersione_ottica,0
Equazione_del_moto,Interazione_gravitazionale,0
Durezza,Frattura_(meccanica),1
Resistenza_elettrica,Joule,0
Campo_(fisica),Campo_elettrico,0
Legge_di_Ohm,Campo_magnetico,0
Energia,Lunghezza,0
Spettro_elettromagnetico,Frequenza,1
Energia_potenziale,Lunghezza,0
Urto_elastico,Moto_(fisica),1
Vettore_(matematica),Velocit%C3%A0,0
Hertz,Radiazione_elettromagnetica,0
Elettrone,Polo_(elettrotecnica),0
Campo_elettrico,Campo_(fisica),1
Posizione,Lavoro_(fisica),0
Radiazione_elettromagnetica,Spettroscopia_di_assorbimento,0
Moto_(fisica),Energia_potenziale,0
Luce,Ottica_geometrica,0
Energia_potenziale,Posizione,1
Specchio_curvo,Laser,0
Energia_potenziale,Moto_(fisica),1
Spettro_di_emissione,Spettroscopia_di_assorbimento,0
Distanza_(matematica),Moto_parabolico,0
Effetto_fotoelettrico,Lunghezza,0
Effetto_fotoelettrico,Frequenza,0
Onda_trasversale,Equazione_del_moto,0
Accelerazione,Attrito,0
Mezzo_trasmissivo,Fisica,1
Luce,Riflessione_speculare,0
Urto_anelastico,Energia,1
Campo_gravitazionale_terrestre,Distanza_(matematica),1
Distanza_(matematica),Onda_d%27urto_(fluidodinamica),0
Lunghezza,Legge_di_Hooke,0
Elettrone,Microscopio_ottico,0
Onda,Energia_potenziale,0
Fisica,Onda_stazionaria,0
Campo_elettrico,Isolante_elettrico,0
Legge_di_Hooke,Forza,1
Potenza_(fisica),Lunghezza,0
Riflessione_(fisica),Luce,1
Laser,Dispersione_ottica,0
Accelerazione,Principi_della_dinamica,0
Circuiti_in_serie_e_in_parallelo,Differenza_di_potenziale_elettrico,1
Forza_di_Coulomb,Forza_elettromotrice,0
Forza_di_Coulomb,Campo_(fisica),0
Luce,Raggio_luminoso,0
Potenziale_elettrico,Energia,1
Legge_di_Hooke,Campo_elettrico,0
Distanza_(matematica),Accelerazione_di_gravit%C3%A0,0
Differenza_di_potenziale_elettrico,Caduta_libera,0
Urto_elastico,Velocit%C3%A0,1
Energia_meccanica,Massa_(fisica),1
Forza,Metro,0
Onda,Campo_(fisica),0
Rifrazione,Velocit%C3%A0,0
Telescopio_rifrattore,Interazione_gravitazionale,0
Suono,Boom_sonico,0
Leva_(fisica),Velocit%C3%A0,0
Elettrone,Urto,0
Microscopio_ottico,Lunghezza_d%27onda,0
Coulomb,Forza_elettromotrice,0
Isolatore,Corrente_elettrica,1
Magnete,Onda,0
Moto_parabolico,Forza,1
Momento_meccanico,Forza,1
Onda,Campo_elettrico,0
Campo_gravitazionale,Campo_gravitazionale_terrestre,0
Attrito,Energia,0
Joule,Massa_(fisica),0
Energia_potenziale_elettrica,Distanza_(matematica),1
Accelerazione,Lunghezza,0
Campo_(fisica),Radiazione_elettromagnetica,0
Accelerazione,Campo_gravitazionale_terrestre,0
Elettrone,Massa_(fisica),0
Isolante_elettrico,Distanza_(matematica),0
Elettrone,Telescopio,0
Voltmetro,Elettroscopio,0
Vettore_(matematica),Energia_meccanica,0
Elettrone,Coulomb,0
Durezza,Grado_di_cristallinit%C3%A0,0
Elettrone,Corrente_elettrica,0
Vettore_(matematica),Fisica,0
Moto_parabolico,Accelerazione,1
Vettore_(matematica),Energia_potenziale,0
Onda_stazionaria,Lunghezza_d%27onda,1
Campo_gravitazionale_terrestre,Metro,0
Circuiti_in_serie_e_in_parallelo,Corrente_elettrica,1
Linea_di_campo,Forza,0
Livello_energetico,Diffrazione,0
Resistenza_elettrica,Ohmmetro,0
Fisica,Riflessione_speculare,0
Spettro_elettromagnetico,Spettroscopia_di_assorbimento,1
Lavoro_(fisica),Metro,0
Conduttore_elettrico,Campo_elettrico,0
Differenza_di_potenziale_elettrico,Spettro_elettromagnetico,0
Voltmetro,Ampiezza,0
Legge_di_Snell,Telescopio_rifrattore,0
Energia_meccanica,Energia,1
Indice_di_rifrazione,Moto_(fisica),1
Differenza_di_potenziale_elettrico,Equazione_del_moto,0
Isolante_elettrico,Corrente_elettrica,1
Vettore_(matematica),Spostamento_(fisica),0
Corrente_elettrica,Potenza_(fisica),0
Diffusione_ottica,Laser,0
Magnete,Energia_meccanica,0
Caduta_libera,Posizione,1
Ingrandimento,Microscopio_ottico,0
Onda,Onda_stazionaria,0
Radiazione_elettromagnetica,Diffrazione,0
Elettrone,Fisica,0
Ottica_geometrica,Lunghezza_d%27onda,0
Legge_di_gravitazione_universale,Pianeta,0
Radiazione_elettromagnetica,Elettrone,1
Magnetismo,Temperatura,0
Accelerazione,Forza,1
Fisica,Forza,0
Corrente_elettrica,Spettro_di_emissione,0
Energia,Lavoro_(fisica),0
Durezza,Plasticit%C3%A0_(fisica),1
Forza,Accelerazione_di_gravit%C3%A0,0
Energia_potenziale_elettrica,Energia_potenziale,1
Campo_(fisica),Potenziale_elettrico,0
Onda_stazionaria,Fisica,1
Forza,Accelerazione,0
Massa_(fisica),Interazione_gravitazionale,0
Distanza_(matematica),Lunghezza_d%27onda,0
Telescopio_rifrattore,Lunghezza_d%27onda,0
Telescopio,Telescopio_rifrattore,0
Vettore_(matematica),Potenziale_elettrico,0
Energia,Chilogrammo,0
Resistenza_meccanica,Elasticit%C3%A0_(meccanica),1
Accelerazione_di_gravit%C3%A0,Distanza_(matematica),1
Urto_elastico,Forza,1
Potenziale_elettrico,Campo_(fisica),1
Effetto_fotoelettrico,Forza,0
Campo_(fisica),Spettro_elettromagnetico,0
Fisica,Accelerazione,0
Ohm,Potenza_(fisica),0
Attrito,Urto,0
Lavoro_(fisica),Energia_potenziale_elettrica,0
Boom_sonico,Temperatura,0
Campo_magnetico,Indice_di_rifrazione,0
Isolante_elettrico,Indice_di_rifrazione,0
Campo_magnetico,Forza,1
Campo_(fisica),Velocit%C3%A0,0
Accelerazione_di_gravit%C3%A0,Campo_gravitazionale,0
Vettore_(matematica),Energia_potenziale_elettrica,0
Elettrone,Lunghezza_d%27onda,0
Magnete,Bussola,0
Magnete,Distanza_(matematica),0
Lavoro_(fisica),Spostamento_(fisica),1
Caduta_libera,Accelerazione,1
Energia_potenziale,Potenziale_elettrico,0
Lavoro_(fisica),Energia,1
Energia,Riflessione_(fisica),0
Energia_potenziale,Chilogrammo,0
Rifrazione,Frequenza,0
Moto_(fisica),Lavoro_(fisica),0
Velocit%C3%A0,Forza,0
Forza,Spettro_elettromagnetico,0
Spettro_di_emissione,Onda,1
Accelerazione,Boom_sonico,0
Effetto_fotoelettrico,Laser,0
Elettrone,Forza,0
Resistenza_elettrica,Circuiti_in_serie_e_in_parallelo,0
Forza,Caduta_libera,0
Legge_di_Hooke,Metro,0
Lavoro_(fisica),Potenziale_elettrico,0
Campo_gravitazionale_terrestre,Accelerazione,1
Moto_(fisica),Spostamento_(fisica),0
Elettrostatica,Campo_(fisica),1
Campo_magnetico,Radiazione_elettromagnetica,0
Accelerazione_di_gravit%C3%A0,Velocit%C3%A0,1
Attrito,Vettore_(matematica),0
Posizione,Accelerazione_di_gravit%C3%A0,0
Onda,Onda_d%27urto_(fluidodinamica),0
Elettrone,Temperatura,0
Sistema_di_riferimento_non_inerziale,Fisica,1
Rifrazione,Mezzo_trasmissivo,0
Onda_trasversale,Spettro_elettromagnetico,0
Massa_(fisica),Forza,0
Rifrazione,Lunghezza_d%27onda,0
Equazione_del_moto,Vettore_(matematica),1
Sistema_di_riferimento_inerziale,Moto_(fisica),1
Elettrone,Laser,0
Energia,Spettro_elettromagnetico,0
Rifrazione,Fisica,1
Legge_di_gravitazione_universale,Campo_(fisica),0
Intensit%C3%A0_acustica,Forza,1
Forza,Attrito,0
Frequenza,Hertz,0
Campo_elettrico,Elettrostatica,0
Durezza,Fisica,1
Moto_(fisica),Fisica,1
Spettroscopia_di_assorbimento,Onda,1
Campo_magnetico,Elettrone,0
Energia_potenziale,Distanza_(matematica),1
Momento_meccanico,Metro,0
Potenza_(fisica),Intensit%C3%A0_acustica,0
Amperometro,Metro,0
Livello_energetico,Frequenza,0
Potenziale_elettrico,Lavoro_(fisica),1
Massa_(fisica),Momento_meccanico,0
Urto_elastico,Massa_(fisica),1
Equazione_del_moto,Accelerazione,1
Boom_sonico,Distanza_(matematica),0
Spettroscopia_di_assorbimento,Fisica,1
Energia,Onda,0
Fisica,Massa_(fisica),0
Forza,Forza_elettromotrice,0
Effetto_fotoelettrico,Energia,1
Indice_di_rifrazione,Metro,0
Intensit%C3%A0_acustica,Potenza_(fisica),1
Spettro_di_emissione,Forza_di_Coulomb,1
Campo_elettrico,Forza_elettromotrice,0
Forza,Onda,0
Forza,Pianeta,0
Forza,Campo_gravitazionale,0
Velocit%C3%A0,Accelerazione,0
Accelerazione,Sistema_di_riferimento,0
Elettrostatica,Distanza_(matematica),1
Laser,Microscopio_ottico,0
Campo_(fisica),Energia_potenziale_elettrica,0
Energia,Velocit%C3%A0,0
Sistema_di_riferimento,Forza,0
Elettrone,Luce,0
Forza,Campo_(fisica),0
Campo_gravitazionale_terrestre,Posizione,1
Isolatore,Elettrostatica,0
Accelerazione,Posizione,1
Resistenza_elettrica,Distanza_(matematica),0
Onda_d%27urto_(fluidodinamica),Rifrazione,0
Onda_d%27urto_(fluidodinamica),Distanza_(matematica),1
Forza,Energia_potenziale_elettrica,0
Ottica_geometrica,Riflessione_interna_totale,0
Plasticit%C3%A0_(fisica),Fisica,1
Energia_potenziale_elettrica,Lavoro_(fisica),1
Resistenza_elettrica,Corrente_elettrica,1
Campo_magnetico,Campo_(fisica),1
Pigmento,Luce,0
Forza,Lavoro_(fisica),0
Moto_(fisica),Sistema_di_riferimento_non_inerziale,0
Colore,Pigmento,0
Elasticit%C3%A0_(meccanica),Fisica,1
Boom_sonico,Lunghezza,0
Costante_di_gravitazione_universale,Forza,1
Ampiezza,Dispersione_ottica,0
Equazione_del_moto,Fisica,1
Radiazione_elettromagnetica,Rifrazione,0
Luce,Spettro_di_emissione,0
Campo_magnetico,Forza_elettromotrice,0
Intensit%C3%A0_acustica,Energia,1
Fisica,Campo_gravitazionale_terrestre,0
Posizione,Energia_meccanica,0
Accelerazione,Elettrone,0
Distanza_(matematica),Elettrostatica,0
Moto_(fisica),Accelerazione_di_gravit%C3%A0,0
Forza_elettromotrice,Legge_di_Ohm,0
Voltmetro,Potenziale_elettrico,0
Energia_potenziale_elettrica,Joule,0
Dispersione_ottica,Lunghezza_d%27onda,0
Potenziale_elettrico,Distanza_(matematica),1
Frattura_(meccanica),Luce,0
Attrito,Energia_cinetica,0
Onda_trasversale,Raggio_luminoso,0
Campo_magnetico,Linea_di_campo,0
Sistema_di_riferimento,Fisica,1
Costante_di_gravitazione_universale,Interazione_gravitazionale,1
Resistenza_meccanica,Plasticit%C3%A0_(fisica),1
Fisica,Momento_meccanico,0
Legge_di_gravitazione_universale,Interazione_gravitazionale,1
Effetto_fotoelettrico,Elettrone,1
Principi_della_dinamica,Equazione_del_moto,0
Moto_(fisica),Caduta_libera,0
Resistenza_elettrica,Differenza_di_potenziale_elettrico,1
Moto_(fisica),Sistema_di_riferimento,0
Luce,Sistema_di_riferimento_inerziale,0
Velocit%C3%A0,Moto_(fisica),1
Fatica_(scienza_dei_materiali),Fisica,1
Dispersione_ottica,Lunghezza,0
Spettro_di_emissione,Livello_energetico,1
Campo_gravitazionale,Campo_(fisica),1
Forza,Radiazione_elettromagnetica,0
Urto,Forza,1
Frequenza,Spettro_elettromagnetico,0
Joule,Energia_cinetica,0
Potenza_(fisica),Forza,1
Resistenza_elettrica,Forza,0
Principi_della_dinamica,Sistema_di_riferimento_inerziale,0
Spostamento_(fisica),Accelerazione_di_gravit%C3%A0,0
Attrito,Interazione_gravitazionale,0
Elettrone,Forza_di_Coulomb,0
Campo_elettrico,Magnetismo,0
Legge_di_Hooke,Leva_(fisica),0
Potenziale_elettrico,Chilogrammo,0
Sistema_di_riferimento,Massa_(fisica),0
Livello_energetico,Elettrone,0
Vettore_(matematica),Momento_meccanico,0
Telescopio,Massa_(fisica),0
Laser,Diffrazione,0
Campo_gravitazionale_terrestre,Spostamento_(fisica),1
Indice_di_rifrazione,Forza,0
Laser,Luce,1
Legge_di_gravitazione_universale,Distanza_(matematica),1
Spostamento_(fisica),Rigidezza,0
Urto_anelastico,Urto,1
Diffrazione,Fisica,1
Campo_elettrico,Equazione_del_moto,0
Urto_anelastico,Attrito,0
Velocit%C3%A0,Moto_parabolico,0
Riflessione_(fisica),Diffrazione,0
Diffusione_ottica,Luce,0
Equazione_del_moto,Posizione,1
Isolante_elettrico,Campo_elettrico,1
Temperatura,Campo_(fisica),0
Magnete,Radiazione_elettromagnetica,0
Campo_elettrico,Spettro_di_emissione,0
Diffusione_ottica,Onda,1
Energia_potenziale,Energia_meccanica,0
Conduttore_elettrico,Radiazione_elettromagnetica,0
Posizione,Moto_parabolico,0
Campo_gravitazionale_terrestre,Energia_potenziale,0
Onda,Rifrazione,0
Campo_magnetico,Onda_trasversale,0
Attrito,Isolante_elettrico,0
Spettro_di_emissione,Temperatura,0
Isolatore,Resistenza_elettrica,0
Spettro_di_emissione,Radiazione_elettromagnetica,1
Lavoro_(fisica),Moto_(fisica),1
Energia_meccanica,Moto_(fisica),1
Massa_(fisica),Energia_potenziale,0
Sistema_di_riferimento,Sistema_di_riferimento_non_inerziale,0
Energia_cinetica,Energia,1
Elasticit%C3%A0_(meccanica),Rigidezza,0
Effetto_Doppler,Velocit%C3%A0,1
Dispersione_ottica,Fisica,1
Elettrostatica,Energia_potenziale,1
Elettrone,Onda,0
Lavoro_(fisica),Momento_meccanico,0
Durezza,Energia,0
Energia_meccanica,Distanza_(matematica),1
Spostamento_(fisica),Campo_gravitazionale_terrestre,0
Onda_d%27urto_(fluidodinamica),Massa_(fisica),0
Legge_di_Snell,Rifrazione,1
Ingrandimento,Riflessione_(fisica),0
Energia_meccanica,Urto,0
Accelerazione,Sistema_di_riferimento_inerziale,0
Magnetismo,Forza_di_Coulomb,0
Posizione,Campo_gravitazionale_terrestre,0
Elettrone,Hertz,0
Energia,Energia_cinetica,0
Magnete,Chilogrammo,0
Distanza_(matematica),Legge_di_Snell,0
Intensit%C3%A0_acustica,Suono,1
Ampiezza,Legge_di_Snell,0
Tensione_(meccanica),Forza,1
Boom_sonico,Effetto_Doppler,0
Lavoro_(fisica),Forza,1
Temperatura,Energia_cinetica,0
Principio_di_Huygens-Fresnel,Ampiezza,1
Elettrone,Isolatore,0
Legge_di_gravitazione_universale,Accelerazione_di_gravit%C3%A0,0
Frequenza,Onda,0
Joule,Capacit%C3%A0_elettrica,0
Energia_potenziale_elettrica,Elettrone,0
Velocit%C3%A0,Fisica,1
Magnetismo,Bussola,0
Interazione_gravitazionale,Caduta_libera,0
Indice_di_rifrazione,Spettro_elettromagnetico,0
Magnete,Differenza_di_potenziale_elettrico,0
Vettore_(matematica),Distanza_(matematica),0
Distanza_(matematica),Sistema_di_riferimento_inerziale,0
Accelerazione,Campo_gravitazionale,0
Onda,Indice_di_rifrazione,0
Fisica,Campo_gravitazionale,0
Energia_potenziale_elettrica,Capacit%C3%A0_elettrica,0
Accelerazione,Equazione_del_moto,0
Rifrazione,Temperatura,0
Forza,Campo_magnetico,0
Ampiezza,Onda,0
Posizione,Equazione_del_moto,0
Fisica,Legge_di_Hooke,0
Laser,Lunghezza_d%27onda,0
Accelerazione,Legge_di_Hooke,0
Lunghezza_d%27onda,Indice_di_rifrazione,0
Campo_(fisica),Distanza_(matematica),0
Luce,Legge_di_Snell,0
Radiazione_elettromagnetica,Spettro_di_emissione,0
Attrito,Lunghezza,0
Urto_elastico,Sistema_di_riferimento_inerziale,0
Joule,Forza,0
Velocit%C3%A0,Caduta_libera,0
Legge_di_Snell,Dispersione_ottica,0
Joule,Ohm,0
Distanza_(matematica),Legge_di_gravitazione_universale,0
Telescopio,Lunghezza_d%27onda,0
Urto_anelastico,Forza,1
Energia_cinetica,Urto,0
Fisica,Interazione_gravitazionale,0
Corrente_elettrica,Equazione_del_moto,0
Caduta_libera,Interazione_gravitazionale,1
Temperatura,Spettro_elettromagnetico,0
Ampiezza,Equazione_del_moto,0
Spettro_elettromagnetico,Magnete,1
Rifrazione,Riflessione_interna_totale,0
Distanza_(matematica),Velocit%C3%A0,0
Spostamento_(fisica),Lunghezza,0
Effetto_fotoelettrico,Onda,0
Distanza_(matematica),Campo_gravitazionale,0
Corrente_elettrica,Forza_elettromotrice,0
Riflessione_(fisica),Riflessione_speculare,0
Massa_(fisica),Energia_cinetica,0
Energia_cinetica,Massa_(fisica),1
Energia_potenziale_elettrica,Moto_(fisica),1
Legge_di_Ohm,Resistenza_elettrica,0
Effetto_Doppler,Distanza_(matematica),1
Luce,Radiazione_elettromagnetica,0
Energia_potenziale_elettrica,Campo_elettrico,1
Momento_meccanico,Fisica,1
Hertz,Spettro_elettromagnetico,0
Moto_(fisica),Equazione_del_moto,0
Massa_(fisica),Campo_gravitazionale,0
Campo_elettrico,Vettore_(matematica),0
Lavoro_(fisica),Distanza_(matematica),1
Campo_magnetico,Vettore_(matematica),0
Onda,Distanza_(matematica),0
Energia,Onda_d%27urto_(fluidodinamica),0
Principi_della_dinamica,Fisica,1
Legge_di_gravitazione_universale,Telescopio,0
Leva_(fisica),Forza,1
Campo_gravitazionale,Chilogrammo,0
Spostamento_(fisica),Potenziale_elettrico,0
Fisica,Forza_elettromotrice,0
Onda_stazionaria,Livello_energetico,0
Joule,Metro,0
Magnete,Energia,0
Frattura_(meccanica),Scorrimento_viscoso,0
Isolatore,Velocit%C3%A0,0
Sistema_di_riferimento_inerziale,Lunghezza,0
Fisica,Lavoro_(fisica),0
Moto_parabolico,Spostamento_(fisica),1
Energia,Forza,0
Posizione,Elettrostatica,0
Linea_di_campo,Campo_(fisica),0
Leva_(fisica),Momento_meccanico,0
Vettore_(matematica),Lunghezza,0
Dispersione_ottica,Distanza_(matematica),0
Conduttore_elettrico,Isolante_elettrico,0
Interazione_gravitazionale,Moto_parabolico,0
Massa_(fisica),Sistema_di_riferimento_inerziale,0
Energia_meccanica,Lavoro_(fisica),1
Circuiti_in_serie_e_in_parallelo,Resistenza_elettrica,1
Bussola,Direzione_(geometria),0
Fatica_(scienza_dei_materiali),Forza,1
Caduta_libera,Massa_(fisica),1
Energia_meccanica,Energia_potenziale,1
Vettore_(matematica),Accelerazione,0
Magnete,Corrente_elettrica,0
Tensione_(meccanica),Velocit%C3%A0,0
Distanza_(matematica),Energia_meccanica,0
Magnete,Spettro_di_emissione,0
Tensione_(meccanica),Lunghezza,0
Costante_di_gravitazione_universale,Distanza_(matematica),1
Magnetismo,Velocit%C3%A0,0
Elasticit%C3%A0_(meccanica),Campo_(fisica),0
Lavoro_(fisica),Massa_(fisica),0
Campo_magnetico,Distanza_(matematica),0
Energia_potenziale_elettrica,Posizione,1
Raggio_luminoso,Ottica_geometrica,0
Spettro_elettromagnetico,Fisica,1
Fisica,Energia_cinetica,0
Onda,Diffrazione,0
Magnetismo,Metro,0
Moto_(fisica),Legge_di_Snell,0
Accelerazione_di_gravit%C3%A0,Caduta_libera,0
Velocit%C3%A0,Distanza_(matematica),1
Lunghezza_d%27onda,Spettro_elettromagnetico,0
Lunghezza_d%27onda,Luce,0
Frequenza,Onda_stazionaria,0
Ottica_geometrica,Raggio_luminoso,1
Scorrimento_viscoso,Fisica,1
Fisica,Livello_energetico,0
Isolante_elettrico,Magnete,0
Moto_(fisica),Pianeta,0
Radiazione_elettromagnetica,Potenza_(fisica),0
Campo_elettrico,Riflessione_(fisica),0
Telescopio_rifrattore,Telescopio,1
Elettrone,Campo_elettrico,0
Magnete,Forza_elettromotrice,0
Forza,Distanza_(matematica),0
Moto_parabolico,Distanza_(matematica),1
Ohm,Legge_di_Ohm,0
Legge_di_gravitazione_universale,Forza,1
Forza_di_Coulomb,Elettrostatica,0
Urto_anelastico,Energia_meccanica,0
Distanza_(matematica),Indice_di_rifrazione,0
Fisica,Sistema_di_riferimento_inerziale,0
Magnete,Momento_meccanico,0
Fisica,Caduta_libera,0
Ampiezza,Campo_(fisica),0
Attrito,Accelerazione_di_gravit%C3%A0,0
Ampiezza,Spostamento_(fisica),0
Indice_di_rifrazione,Raggio_luminoso,0
Corrente_elettrica,Isolante_elettrico,0
Rifrazione,Dispersione_ottica,0
Onda,Ampiezza,0
Campo_gravitazionale,Fisica,1
Energia_potenziale,Spostamento_(fisica),1
Energia_meccanica,Energia_cinetica,1
Posizione,Velocit%C3%A0,0
Microscopio_ottico,Luce,1
Massa_(fisica),Urto_anelastico,0
Indice_di_rifrazione,Distanza_(matematica),1
Campo_elettrico,Spettro_elettromagnetico,0
Tensione_(meccanica),Onda_trasversale,0
Campo_(fisica),Coulomb,0
Potenziale_elettrico,Coulomb,0
Urto_elastico,Energia_meccanica,0
Forza,Legge_di_Hooke,0
Fisica,Fatica_(scienza_dei_materiali),0
Elasticit%C3%A0_(meccanica),Distanza_(matematica),0
Dispersione_ottica,Ottica_geometrica,0
Onda_stazionaria,Hertz,0
Magnete,Energia_potenziale,0
Luce,Laser,0
Forza_elettromotrice,Campo_elettrico,1
Lavoro_(fisica),Fisica,1
Radiazione_elettromagnetica,Forza,1
Energia,Potenziale_elettrico,0
Velocit%C3%A0,Lunghezza_d%27onda,0
Interazione_gravitazionale,Legge_di_gravitazione_universale,0
Temperatura,Massa_(fisica),0
Lunghezza_d%27onda,Onda,1
Massa_(fisica),Lunghezza,0
Plasticit%C3%A0_(fisica),Forza,1
Energia_potenziale,Elettrostatica,0
Bussola,Forza,0
Spettro_di_emissione,Fisica,1
Principi_della_dinamica,Campo_gravitazionale,0
Plasticit%C3%A0_(fisica),Resistenza_meccanica,0
Forza_elettromotrice,Lavoro_(fisica),0
Campo_magnetico,Lunghezza_d%27onda,0
Fisica,Riflessione_interna_totale,0
Potenziale_elettrico,Posizione,1
Equazione_del_moto,Distanza_(matematica),1
Riflessione_speculare,Riflessione_interna_totale,0
Luce,Rifrazione,0
Onda_d%27urto_(fluidodinamica),Moto_(fisica),1
Spettro_elettromagnetico,Elettrone,1
Energia_meccanica,Vettore_(matematica),1
Telescopio_rifrattore,Fisica,1
Accelerazione,Vettore_(matematica),1
Forza_elettromotrice,Magnetismo,0
Campo_elettrico,Isolatore,0
Magnetismo,Magnete,1
Radiazione_elettromagnetica,Lunghezza_d%27onda,0
Energia_potenziale,Coulomb,0
Ampiezza,Radiazione_elettromagnetica,0
Fisica,Spettroscopia_di_assorbimento,0
Ottica_geometrica,Luce,1
Forza,Legge_di_gravitazione_universale,0
Plasticit%C3%A0_(fisica),Frattura_(meccanica),0
Moto_(fisica),Onda_d%27urto_(fluidodinamica),0
Campo_elettrico,Campo_gravitazionale,0
Forza,Costante_di_gravitazione_universale,0
Fatica_(scienza_dei_materiali),Elasticit%C3%A0_(meccanica),1
Effetto_fotoelettrico,Lunghezza_d%27onda,0
Fisica,Energia_meccanica,0
Rigidezza,Scorrimento_viscoso,0
Elasticit%C3%A0_(meccanica),Spostamento_(fisica),0
Ampiezza,Intensit%C3%A0_acustica,0
Legge_di_Hooke,Energia_potenziale,0
Elettrone,Effetto_Doppler,0
Campo_elettrico,Linea_di_campo,0
Ottica_geometrica,Rifrazione,0
Legge_di_Snell,Fisica,1
Forza,Principi_della_dinamica,0
Lunghezza_d%27onda,Fisica,1
Campo_elettrico,Metro,0
Forza_elettromotrice,Corrente_elettrica,1
Campo_gravitazionale_terrestre,Accelerazione_di_gravit%C3%A0,0
Onda_stazionaria,Laser,0
Telescopio,Dispersione_ottica,0
Spettro_di_emissione,Campo_elettrico,1
Attrito,Resistenza_elettrica,0
Energia,Coulomb,0
Energia_potenziale_elettrica,Fisica,1
Fisica,Potenza_(fisica),0
Moto_(fisica),Energia_cinetica,0
Radiazione_elettromagnetica,Diffusione_ottica,0
Legge_di_Hooke,Spostamento_(fisica),0
Legge_di_Snell,Distanza_(matematica),1
Corrente_elettrica,Conduttore_elettrico,0
Corrente_elettrica,Campo_(fisica),0
Energia_meccanica,Forza,1
Lavoro_(fisica),Vettore_(matematica),1
Rigidezza,Lunghezza,0
Massa_(fisica),Frequenza,0
Posizione,Lunghezza,0
Massa_(fisica),Equazione_del_moto,0
Dispersione_ottica,Colore,1
Onda_stazionaria,Onda,1
Magnete,Campo_magnetico,0
Forza,Urto,0
Energia,Urto_anelastico,0
Temperatura,Fatica_(scienza_dei_materiali),0
Fisica,Telescopio_rifrattore,0
Fisica,Diffusione_ottica,0
Accelerazione,Massa_(fisica),0
Accelerazione_di_gravit%C3%A0,Massa_(fisica),1
Capacit%C3%A0_elettrica,Isolante_elettrico,0
Riflessione_speculare,Riflessione_(fisica),1
Energia,Metro,0
Energia_meccanica,Livello_energetico,0
Isolante_elettrico,Campo_(fisica),1
Differenza_di_potenziale_elettrico,Capacit%C3%A0_elettrica,0
Forza_elettromotrice,Forza_di_Coulomb,1
Leva_(fisica),Fisica,1
Potenziale_elettrico,Fisica,1
Spettro_elettromagnetico,Luce,1
Rigidezza,Forza,1
Campo_magnetico,Lunghezza,0
Differenza_di_potenziale_elettrico,Circuiti_in_serie_e_in_parallelo,0
Fisica,Velocit%C3%A0,0
Campo_magnetico,Lavoro_(fisica),0
